"date","devices"
"2021-10-10T21:53:32.336016","1a:05:44:78:88:7b||4C:8B:30:CA:CE:A6||65TCLRokuTV||DC:E9:94:F9:17:6C||Lisas-MBP-2||Lisas-iPhone||Living-Room||MatteosMBP2187||Pixel-3a-XL||d4:5d:64:1c:28:e0||iRobot-A0CF4ECA53154FF4ACCEEE5F5D2CB17F||raspberrypi"
"2021-10-10T21:55:04.441323","1a:05:44:78:88:7b||4C:8B:30:CA:CE:A6||65TCLRokuTV||DC:E9:94:F9:17:6C||Lisas-MBP-2||Lisas-iPhone||Living-Room||MatteosMBP2187||Pixel-3a-XL||d4:5d:64:1c:28:e0||iRobot-A0CF4ECA53154FF4ACCEEE5F5D2CB17F||raspberrypi"
"2021-10-10T22:00:04.392930","1a:05:44:78:88:7b||4C:8B:30:CA:CE:A6||65TCLRokuTV||DC:E9:94:F9:17:6C||Lisas-MBP-2||Lisas-iPhone||Living-Room||MatteosMBP2187||Pixel-3a-XL||d4:5d:64:1c:28:e0||iRobot-A0CF4ECA53154FF4ACCEEE5F5D2CB17F||raspberrypi"
"2021-10-10T22:05:04.528136","1a:05:44:78:88:7b||4C:8B:30:CA:CE:A6||65TCLRokuTV||DC:E9:94:F9:17:6C||Lisas-MBP-2||Lisas-iPhone||Living-Room||MatteosMBP2187||Pixel-3a-XL||d4:5d:64:1c:28:e0||iRobot-A0CF4ECA53154FF4ACCEEE5F5D2CB17F||raspberrypi"
"2021-10-10T22:10:04.567337","1a:05:44:78:88:7b||4C:8B:30:CA:CE:A6||65TCLRokuTV||DC:E9:94:F9:17:6C||Lisas-MBP-2||Lisas-iPhone||Living-Room||MatteosMBP2187||Pixel-3a-XL||d4:5d:64:1c:28:e0||iRobot-A0CF4ECA53154FF4ACCEEE5F5D2CB17F||raspberrypi"
"2021-10-10T22:15:04.484391","1a:05:44:78:88:7b||4C:8B:30:CA:CE:A6||65TCLRokuTV||DC:E9:94:F9:17:6C||Lisas-MBP-2||Lisas-iPhone||Living-Room||MatteosMBP2187||Pixel-3a-XL||d4:5d:64:1c:28:e0||iRobot-A0CF4ECA53154FF4ACCEEE5F5D2CB17F||raspberrypi"
"2021-10-10T22:20:04.486206","1a:05:44:78:88:7b||4C:8B:30:CA:CE:A6||65TCLRokuTV||DC:E9:94:F9:17:6C||Lisas-MBP-2||Lisas-iPhone||Living-Room||MatteosMBP2187||Pixel-3a-XL||d4:5d:64:1c:28:e0||iRobot-A0CF4ECA53154FF4ACCEEE5F5D2CB17F||raspberrypi"
"2021-10-10T22:25:04.323412","1a:05:44:78:88:7b||4C:8B:30:CA:CE:A6||65TCLRokuTV||DC:E9:94:F9:17:6C||Lisas-MBP-2||Lisas-iPhone||Living-Room||MatteosMBP2187||Pixel-3a-XL||d4:5d:64:1c:28:e0||iRobot-A0CF4ECA53154FF4ACCEEE5F5D2CB17F||raspberrypi"
"2021-10-10T22:30:04.220632","1a:05:44:78:88:7b||4C:8B:30:CA:CE:A6||65TCLRokuTV||DC:E9:94:F9:17:6C||Lisas-MBP-2||Lisas-iPhone||Living-Room||MatteosMBP2187||Pixel-3a-XL||d4:5d:64:1c:28:e0||iRobot-A0CF4ECA53154FF4ACCEEE5F5D2CB17F||raspberrypi"
"2021-10-10T22:35:04.079538","1a:05:44:78:88:7b||4C:8B:30:CA:CE:A6||65TCLRokuTV||DC:E9:94:F9:17:6C||Lisas-MBP-2||Lisas-iPhone||Living-Room||MatteosMBP2187||Pixel-3a-XL||d4:5d:64:1c:28:e0||iRobot-A0CF4ECA53154FF4ACCEEE5F5D2CB17F||raspberrypi"
"2021-10-10T22:40:03.893737","1a:05:44:78:88:7b||4C:8B:30:CA:CE:A6||65TCLRokuTV||DC:E9:94:F9:17:6C||Lisas-MBP-2||Lisas-iPhone||Living-Room||MatteosMBP2187||Pixel-3a-XL||d4:5d:64:1c:28:e0||iRobot-A0CF4ECA53154FF4ACCEEE5F5D2CB17F||raspberrypi"
"2021-10-10T22:45:05.060534","1a:05:44:78:88:7b||4C:8B:30:CA:CE:A6||65TCLRokuTV||DC:E9:94:F9:17:6C||Lisas-MBP-2||Lisas-iPhone||Living-Room||MatteosMBP2187||Pixel-3a-XL||d4:5d:64:1c:28:e0||iRobot-A0CF4ECA53154FF4ACCEEE5F5D2CB17F||raspberrypi"
"2021-10-10T22:50:03.941757","1a:05:44:78:88:7b||4C:8B:30:CA:CE:A6||65TCLRokuTV||DC:E9:94:F9:17:6C||Lisas-MBP-2||Lisas-iPhone||Living-Room||MatteosMBP2187||d4:5d:64:1c:28:e0||iRobot-A0CF4ECA53154FF4ACCEEE5F5D2CB17F||raspberrypi"
"2021-10-10T22:55:03.904417","1a:05:44:78:88:7b||4C:8B:30:CA:CE:A6||65TCLRokuTV||DC:E9:94:F9:17:6C||Lisas-MBP-2||Lisas-iPhone||Living-Room||MatteosMBP2187||d4:5d:64:1c:28:e0||iRobot-A0CF4ECA53154FF4ACCEEE5F5D2CB17F||raspberrypi"
"2021-10-10T23:00:05.014309","1a:05:44:78:88:7b||4C:8B:30:CA:CE:A6||65TCLRokuTV||DC:E9:94:F9:17:6C||Lisas-MBP-2||Lisas-iPhone||Living-Room||MatteosMBP2187||d4:5d:64:1c:28:e0||iRobot-A0CF4ECA53154FF4ACCEEE5F5D2CB17F||raspberrypi"
"2021-10-10T23:05:03.865744","1a:05:44:78:88:7b||4C:8B:30:CA:CE:A6||65TCLRokuTV||DC:E9:94:F9:17:6C||Lisas-MBP-2||Lisas-iPhone||Living-Room||MatteosMBP2187||d4:5d:64:1c:28:e0||iRobot-A0CF4ECA53154FF4ACCEEE5F5D2CB17F||raspberrypi"
"2021-10-10T23:10:04.767187","1a:05:44:78:88:7b||4C:8B:30:CA:CE:A6||65TCLRokuTV||DC:E9:94:F9:17:6C||Lisas-MBP-2||Lisas-iPhone||Living-Room||MatteosMBP2187||d4:5d:64:1c:28:e0||iRobot-A0CF4ECA53154FF4ACCEEE5F5D2CB17F||raspberrypi"
"2021-10-10T23:15:04.714213","1a:05:44:78:88:7b||4C:8B:30:CA:CE:A6||65TCLRokuTV||DC:E9:94:F9:17:6C||Lisas-MBP-2||Lisas-iPhone||Living-Room||d4:5d:64:1c:28:e0||iRobot-A0CF4ECA53154FF4ACCEEE5F5D2CB17F||raspberrypi"
"2021-10-10T23:20:04.708875","1a:05:44:78:88:7b||4C:8B:30:CA:CE:A6||65TCLRokuTV||DC:E9:94:F9:17:6C||Lisas-MBP-2||Lisas-iPhone||Living-Room||d4:5d:64:1c:28:e0||iRobot-A0CF4ECA53154FF4ACCEEE5F5D2CB17F||raspberrypi"
"2021-10-10T23:25:04.704451","1a:05:44:78:88:7b||4C:8B:30:CA:CE:A6||65TCLRokuTV||DC:E9:94:F9:17:6C||Lisas-MBP-2||Lisas-iPhone||Living-Room||d4:5d:64:1c:28:e0||iRobot-A0CF4ECA53154FF4ACCEEE5F5D2CB17F||raspberrypi"
"2021-10-10T23:30:04.844117","1a:05:44:78:88:7b||4C:8B:30:CA:CE:A6||65TCLRokuTV||DC:E9:94:F9:17:6C||Lisas-MBP-2||Lisas-iPhone||Living-Room||MatteosMBP2187||d4:5d:64:1c:28:e0||iRobot-A0CF4ECA53154FF4ACCEEE5F5D2CB17F||raspberrypi"
"2021-10-10T23:35:05.020181","4C:8B:30:CA:CE:A6||65TCLRokuTV||DC:E9:94:F9:17:6C||Lisas-MBP-2||Living-Room||d4:5d:64:1c:28:e0||iRobot-A0CF4ECA53154FF4ACCEEE5F5D2CB17F||raspberrypi"
"2021-10-10T23:40:04.154154","4C:8B:30:CA:CE:A6||65TCLRokuTV||DC:E9:94:F9:17:6C||Lisas-MBP-2||Lisas-iPhone||Living-Room||d4:5d:64:1c:28:e0||iRobot-A0CF4ECA53154FF4ACCEEE5F5D2CB17F||raspberrypi"
"2021-10-10T23:45:04.198296","4C:8B:30:CA:CE:A6||65TCLRokuTV||DC:E9:94:F9:17:6C||Lisas-MBP-2||Lisas-iPhone||Living-Room||d4:5d:64:1c:28:e0||iRobot-A0CF4ECA53154FF4ACCEEE5F5D2CB17F||raspberrypi"
"2021-10-10T23:50:04.298233","4C:8B:30:CA:CE:A6||65TCLRokuTV||DC:E9:94:F9:17:6C||Lisas-MBP-2||Lisas-iPhone||Living-Room||d4:5d:64:1c:28:e0||iRobot-A0CF4ECA53154FF4ACCEEE5F5D2CB17F||raspberrypi"
"2021-10-10T23:55:04.381556","4C:8B:30:CA:CE:A6||65TCLRokuTV||DC:E9:94:F9:17:6C||Lisas-MBP-2||Lisas-iPhone||Living-Room||d4:5d:64:1c:28:e0||iRobot-A0CF4ECA53154FF4ACCEEE5F5D2CB17F||raspberrypi"
"2021-10-11T00:00:04.504184","4C:8B:30:CA:CE:A6||65TCLRokuTV||DC:E9:94:F9:17:6C||Lisas-MBP-2||Lisas-iPhone||Living-Room||d4:5d:64:1c:28:e0||iRobot-A0CF4ECA53154FF4ACCEEE5F5D2CB17F||raspberrypi"
"2021-10-11T00:05:04.654831","4C:8B:30:CA:CE:A6||65TCLRokuTV||DC:E9:94:F9:17:6C||Lisas-MBP-2||Lisas-iPhone||Living-Room||d4:5d:64:1c:28:e0||iRobot-A0CF4ECA53154FF4ACCEEE5F5D2CB17F||raspberrypi"
"2021-10-11T00:10:04.870379","4C:8B:30:CA:CE:A6||65TCLRokuTV||DC:E9:94:F9:17:6C||Lisas-MBP-2||Lisas-iPhone||Living-Room||d4:5d:64:1c:28:e0||iRobot-A0CF4ECA53154FF4ACCEEE5F5D2CB17F||raspberrypi"
"2021-10-11T00:15:05.075264","4C:8B:30:CA:CE:A6||65TCLRokuTV||DC:E9:94:F9:17:6C||Lisas-MBP-2||Lisas-iPhone||Living-Room||d4:5d:64:1c:28:e0||iRobot-A0CF4ECA53154FF4ACCEEE5F5D2CB17F||raspberrypi"
"2021-10-11T00:20:04.161096","4C:8B:30:CA:CE:A6||65TCLRokuTV||DC:E9:94:F9:17:6C||Lisas-MBP-2||Lisas-iPhone||Living-Room||d4:5d:64:1c:28:e0||iRobot-A0CF4ECA53154FF4ACCEEE5F5D2CB17F||raspberrypi"
"2021-10-11T00:25:04.272797","4C:8B:30:CA:CE:A6||65TCLRokuTV||DC:E9:94:F9:17:6C||Lisas-MBP-2||Lisas-iPhone||Living-Room||d4:5d:64:1c:28:e0||iRobot-A0CF4ECA53154FF4ACCEEE5F5D2CB17F||raspberrypi"
"2021-10-11T00:30:04.423491","4C:8B:30:CA:CE:A6||65TCLRokuTV||DC:E9:94:F9:17:6C||Lisas-MBP-2||Lisas-iPhone||Living-Room||d4:5d:64:1c:28:e0||iRobot-A0CF4ECA53154FF4ACCEEE5F5D2CB17F||raspberrypi"
"2021-10-11T00:35:04.539218","4C:8B:30:CA:CE:A6||65TCLRokuTV||DC:E9:94:F9:17:6C||Lisas-MBP-2||Lisas-iPhone||Living-Room||d4:5d:64:1c:28:e0||iRobot-A0CF4ECA53154FF4ACCEEE5F5D2CB17F||raspberrypi"
"2021-10-11T00:40:04.680791","4C:8B:30:CA:CE:A6||65TCLRokuTV||DC:E9:94:F9:17:6C||Lisas-MBP-2||Lisas-iPhone||Living-Room||d4:5d:64:1c:28:e0||iRobot-A0CF4ECA53154FF4ACCEEE5F5D2CB17F||raspberrypi"
"2021-10-11T00:45:04.896032","4C:8B:30:CA:CE:A6||65TCLRokuTV||DC:E9:94:F9:17:6C||Lisas-MBP-2||Lisas-iPhone||Living-Room||d4:5d:64:1c:28:e0||iRobot-A0CF4ECA53154FF4ACCEEE5F5D2CB17F||raspberrypi"
"2021-10-11T00:50:04.942213","4C:8B:30:CA:CE:A6||65TCLRokuTV||DC:E9:94:F9:17:6C||Lisas-MBP-2||Lisas-iPhone||Living-Room||d4:5d:64:1c:28:e0||iRobot-A0CF4ECA53154FF4ACCEEE5F5D2CB17F||raspberrypi"
"2021-10-11T00:55:04.021901","4C:8B:30:CA:CE:A6||65TCLRokuTV||DC:E9:94:F9:17:6C||Lisas-MBP-2||Lisas-iPhone||Living-Room||d4:5d:64:1c:28:e0||iRobot-A0CF4ECA53154FF4ACCEEE5F5D2CB17F||raspberrypi"
"2021-10-11T01:00:04.093824","4C:8B:30:CA:CE:A6||65TCLRokuTV||DC:E9:94:F9:17:6C||Lisas-MBP-2||Lisas-iPhone||Living-Room||d4:5d:64:1c:28:e0||iRobot-A0CF4ECA53154FF4ACCEEE5F5D2CB17F||raspberrypi"
"2021-10-11T01:05:04.270310","4C:8B:30:CA:CE:A6||65TCLRokuTV||DC:E9:94:F9:17:6C||Lisas-MBP-2||Lisas-iPhone||Living-Room||d4:5d:64:1c:28:e0||iRobot-A0CF4ECA53154FF4ACCEEE5F5D2CB17F||raspberrypi"
"2021-10-11T01:10:04.381722","4C:8B:30:CA:CE:A6||65TCLRokuTV||DC:E9:94:F9:17:6C||Lisas-MBP-2||Lisas-iPhone||Living-Room||d4:5d:64:1c:28:e0||iRobot-A0CF4ECA53154FF4ACCEEE5F5D2CB17F||raspberrypi"
"2021-10-11T01:15:04.562307","4C:8B:30:CA:CE:A6||65TCLRokuTV||DC:E9:94:F9:17:6C||Lisas-MBP-2||Lisas-iPhone||Living-Room||MatteosoogleMac||d4:5d:64:1c:28:e0||iRobot-A0CF4ECA53154FF4ACCEEE5F5D2CB17F||raspberrypi"
"2021-10-11T01:20:04.653013","4C:8B:30:CA:CE:A6||65TCLRokuTV||DC:E9:94:F9:17:6C||Lisas-MBP-2||Lisas-iPhone||Living-Room||d4:5d:64:1c:28:e0||iRobot-A0CF4ECA53154FF4ACCEEE5F5D2CB17F||raspberrypi"
"2021-10-11T01:25:04.765060","4C:8B:30:CA:CE:A6||65TCLRokuTV||DC:E9:94:F9:17:6C||Lisas-MBP-2||Lisas-iPhone||Living-Room||d4:5d:64:1c:28:e0||iRobot-A0CF4ECA53154FF4ACCEEE5F5D2CB17F||raspberrypi"
"2021-10-11T01:30:04.877027","4C:8B:30:CA:CE:A6||65TCLRokuTV||DC:E9:94:F9:17:6C||Lisas-MBP-2||Lisas-iPhone||Living-Room||d4:5d:64:1c:28:e0||iRobot-A0CF4ECA53154FF4ACCEEE5F5D2CB17F||raspberrypi"
"2021-10-11T01:35:05.073965","4C:8B:30:CA:CE:A6||65TCLRokuTV||DC:E9:94:F9:17:6C||Lisas-MBP-2||Lisas-iPhone||Living-Room||d4:5d:64:1c:28:e0||iRobot-A0CF4ECA53154FF4ACCEEE5F5D2CB17F||raspberrypi"
"2021-10-11T01:40:04.168069","4C:8B:30:CA:CE:A6||65TCLRokuTV||DC:E9:94:F9:17:6C||Lisas-MBP-2||Lisas-iPhone||Living-Room||d4:5d:64:1c:28:e0||iRobot-A0CF4ECA53154FF4ACCEEE5F5D2CB17F||raspberrypi"
"2021-10-11T01:45:04.288371","4C:8B:30:CA:CE:A6||65TCLRokuTV||DC:E9:94:F9:17:6C||Lisas-MBP-2||Lisas-iPhone||Living-Room||d4:5d:64:1c:28:e0||iRobot-A0CF4ECA53154FF4ACCEEE5F5D2CB17F||raspberrypi"
"2021-10-11T01:50:04.416216","4C:8B:30:CA:CE:A6||65TCLRokuTV||DC:E9:94:F9:17:6C||Lisas-MBP-2||Lisas-iPhone||Living-Room||d4:5d:64:1c:28:e0||iRobot-A0CF4ECA53154FF4ACCEEE5F5D2CB17F||raspberrypi"
"2021-10-11T01:55:04.538755","4C:8B:30:CA:CE:A6||65TCLRokuTV||DC:E9:94:F9:17:6C||Lisas-MBP-2||Lisas-iPhone||Living-Room||d4:5d:64:1c:28:e0||iRobot-A0CF4ECA53154FF4ACCEEE5F5D2CB17F||raspberrypi"
"2021-10-11T02:00:04.646123","4C:8B:30:CA:CE:A6||65TCLRokuTV||DC:E9:94:F9:17:6C||Lisas-MBP-2||Lisas-iPhone||Living-Room||d4:5d:64:1c:28:e0||iRobot-A0CF4ECA53154FF4ACCEEE5F5D2CB17F||raspberrypi"
"2021-10-11T02:05:04.766072","4C:8B:30:CA:CE:A6||65TCLRokuTV||DC:E9:94:F9:17:6C||Lisas-MBP-2||Lisas-iPhone||Living-Room||d4:5d:64:1c:28:e0||iRobot-A0CF4ECA53154FF4ACCEEE5F5D2CB17F||raspberrypi"
"2021-10-11T02:10:04.886854","4C:8B:30:CA:CE:A6||65TCLRokuTV||DC:E9:94:F9:17:6C||Lisas-MBP-2||Lisas-iPhone||Living-Room||d4:5d:64:1c:28:e0||iRobot-A0CF4ECA53154FF4ACCEEE5F5D2CB17F||raspberrypi"
"2021-10-11T02:15:05.020449","4C:8B:30:CA:CE:A6||65TCLRokuTV||DC:E9:94:F9:17:6C||Lisas-MBP-2||Lisas-iPhone||Living-Room||d4:5d:64:1c:28:e0||iRobot-A0CF4ECA53154FF4ACCEEE5F5D2CB17F||raspberrypi"
"2021-10-11T02:20:04.121808","4C:8B:30:CA:CE:A6||65TCLRokuTV||DC:E9:94:F9:17:6C||Lisas-MBP-2||Lisas-iPhone||Living-Room||d4:5d:64:1c:28:e0||iRobot-A0CF4ECA53154FF4ACCEEE5F5D2CB17F||raspberrypi"
"2021-10-11T02:25:04.284834","4C:8B:30:CA:CE:A6||65TCLRokuTV||DC:E9:94:F9:17:6C||Lisas-MBP-2||Lisas-iPhone||Living-Room||d4:5d:64:1c:28:e0||iRobot-A0CF4ECA53154FF4ACCEEE5F5D2CB17F||raspberrypi"
"2021-10-11T02:30:04.824489","4C:8B:30:CA:CE:A6||65TCLRokuTV||DC:E9:94:F9:17:6C||Lisas-MBP-2||Lisas-iPhone||Living-Room||d4:5d:64:1c:28:e0||iRobot-A0CF4ECA53154FF4ACCEEE5F5D2CB17F||raspberrypi"
"2021-10-11T02:35:04.909803","4C:8B:30:CA:CE:A6||65TCLRokuTV||DC:E9:94:F9:17:6C||Lisas-MBP-2||Lisas-iPhone||Living-Room||d4:5d:64:1c:28:e0||iRobot-A0CF4ECA53154FF4ACCEEE5F5D2CB17F||raspberrypi"
"2021-10-11T02:40:04.918019","4C:8B:30:CA:CE:A6||65TCLRokuTV||DC:E9:94:F9:17:6C||Lisas-MBP-2||Lisas-iPhone||Living-Room||d4:5d:64:1c:28:e0||iRobot-A0CF4ECA53154FF4ACCEEE5F5D2CB17F||raspberrypi"
"2021-10-11T02:45:04.975907","4C:8B:30:CA:CE:A6||65TCLRokuTV||DC:E9:94:F9:17:6C||Lisas-MBP-2||Lisas-iPhone||Living-Room||d4:5d:64:1c:28:e0||iRobot-A0CF4ECA53154FF4ACCEEE5F5D2CB17F||raspberrypi"
"2021-10-11T02:50:04.104254","4C:8B:30:CA:CE:A6||65TCLRokuTV||DC:E9:94:F9:17:6C||Lisas-MBP-2||Lisas-iPhone||Living-Room||d4:5d:64:1c:28:e0||iRobot-A0CF4ECA53154FF4ACCEEE5F5D2CB17F||raspberrypi"
"2021-10-11T02:55:04.138236","4C:8B:30:CA:CE:A6||65TCLRokuTV||DC:E9:94:F9:17:6C||Lisas-MBP-2||Lisas-iPhone||Living-Room||d4:5d:64:1c:28:e0||iRobot-A0CF4ECA53154FF4ACCEEE5F5D2CB17F||raspberrypi"
"2021-10-11T03:00:04.317102","4C:8B:30:CA:CE:A6||65TCLRokuTV||DC:E9:94:F9:17:6C||Lisas-MBP-2||Lisas-iPhone||Living-Room||d4:5d:64:1c:28:e0||iRobot-A0CF4ECA53154FF4ACCEEE5F5D2CB17F||raspberrypi"
"2021-10-11T03:05:04.329620","4C:8B:30:CA:CE:A6||65TCLRokuTV||DC:E9:94:F9:17:6C||Lisas-MBP-2||Lisas-iPhone||Living-Room||d4:5d:64:1c:28:e0||iRobot-A0CF4ECA53154FF4ACCEEE5F5D2CB17F||raspberrypi"
"2021-10-11T03:10:04.642792","4C:8B:30:CA:CE:A6||65TCLRokuTV||DC:E9:94:F9:17:6C||Lisas-MBP-2||Lisas-iPhone||Living-Room||d4:5d:64:1c:28:e0||iRobot-A0CF4ECA53154FF4ACCEEE5F5D2CB17F||raspberrypi"
"2021-10-11T03:15:04.696626","4C:8B:30:CA:CE:A6||65TCLRokuTV||DC:E9:94:F9:17:6C||Lisas-MBP-2||Lisas-iPhone||Living-Room||d4:5d:64:1c:28:e0||iRobot-A0CF4ECA53154FF4ACCEEE5F5D2CB17F||raspberrypi"
"2021-10-11T03:20:04.892562","4C:8B:30:CA:CE:A6||65TCLRokuTV||DC:E9:94:F9:17:6C||Lisas-MBP-2||Lisas-iPhone||Living-Room||d4:5d:64:1c:28:e0||iRobot-A0CF4ECA53154FF4ACCEEE5F5D2CB17F||raspberrypi"
"2021-10-11T03:25:04.894290","4C:8B:30:CA:CE:A6||65TCLRokuTV||DC:E9:94:F9:17:6C||Lisas-MBP-2||Lisas-iPhone||Living-Room||d4:5d:64:1c:28:e0||iRobot-A0CF4ECA53154FF4ACCEEE5F5D2CB17F||raspberrypi"
"2021-10-11T03:30:04.960991","4C:8B:30:CA:CE:A6||65TCLRokuTV||DC:E9:94:F9:17:6C||Lisas-MBP-2||Lisas-iPhone||Living-Room||d4:5d:64:1c:28:e0||iRobot-A0CF4ECA53154FF4ACCEEE5F5D2CB17F||raspberrypi"
"2021-10-11T03:35:04.130202","4C:8B:30:CA:CE:A6||65TCLRokuTV||DC:E9:94:F9:17:6C||Lisas-MBP-2||Lisas-iPhone||Living-Room||d4:5d:64:1c:28:e0||iRobot-A0CF4ECA53154FF4ACCEEE5F5D2CB17F||raspberrypi"
"2021-10-11T03:40:04.247109","4C:8B:30:CA:CE:A6||65TCLRokuTV||DC:E9:94:F9:17:6C||Lisas-MBP-2||Lisas-iPhone||Living-Room||d4:5d:64:1c:28:e0||iRobot-A0CF4ECA53154FF4ACCEEE5F5D2CB17F||raspberrypi"
"2021-10-11T03:45:04.345939","4C:8B:30:CA:CE:A6||65TCLRokuTV||DC:E9:94:F9:17:6C||Lisas-MBP-2||Lisas-iPhone||Living-Room||d4:5d:64:1c:28:e0||iRobot-A0CF4ECA53154FF4ACCEEE5F5D2CB17F||raspberrypi"
"2021-10-11T03:50:04.548763","4C:8B:30:CA:CE:A6||65TCLRokuTV||DC:E9:94:F9:17:6C||Lisas-MBP-2||Lisas-iPhone||Living-Room||d4:5d:64:1c:28:e0||iRobot-A0CF4ECA53154FF4ACCEEE5F5D2CB17F||raspberrypi"
"2021-10-11T03:55:04.680185","4C:8B:30:CA:CE:A6||65TCLRokuTV||DC:E9:94:F9:17:6C||Lisas-MBP-2||Lisas-iPhone||Living-Room||d4:5d:64:1c:28:e0||iRobot-A0CF4ECA53154FF4ACCEEE5F5D2CB17F||raspberrypi"
"2021-10-11T04:00:04.919321","4C:8B:30:CA:CE:A6||65TCLRokuTV||DC:E9:94:F9:17:6C||Lisas-MBP-2||Lisas-iPhone||Living-Room||d4:5d:64:1c:28:e0||iRobot-A0CF4ECA53154FF4ACCEEE5F5D2CB17F||raspberrypi"
"2021-10-11T04:05:04.924470","4C:8B:30:CA:CE:A6||65TCLRokuTV||DC:E9:94:F9:17:6C||Lisas-MBP-2||Lisas-iPhone||Living-Room||d4:5d:64:1c:28:e0||iRobot-A0CF4ECA53154FF4ACCEEE5F5D2CB17F||raspberrypi"
"2021-10-11T04:10:05.044225","4C:8B:30:CA:CE:A6||65TCLRokuTV||DC:E9:94:F9:17:6C||Lisas-MBP-2||Lisas-iPhone||Living-Room||d4:5d:64:1c:28:e0||iRobot-A0CF4ECA53154FF4ACCEEE5F5D2CB17F||raspberrypi"
"2021-10-11T04:15:04.083968","4C:8B:30:CA:CE:A6||65TCLRokuTV||DC:E9:94:F9:17:6C||Lisas-MBP-2||Lisas-iPhone||Living-Room||d4:5d:64:1c:28:e0||iRobot-A0CF4ECA53154FF4ACCEEE5F5D2CB17F||raspberrypi"
"2021-10-11T04:20:04.260674","4C:8B:30:CA:CE:A6||65TCLRokuTV||DC:E9:94:F9:17:6C||Lisas-MBP-2||Lisas-iPhone||Living-Room||d4:5d:64:1c:28:e0||iRobot-A0CF4ECA53154FF4ACCEEE5F5D2CB17F||raspberrypi"
"2021-10-11T04:25:04.380378","4C:8B:30:CA:CE:A6||65TCLRokuTV||DC:E9:94:F9:17:6C||Lisas-MBP-2||Lisas-iPhone||Living-Room||d4:5d:64:1c:28:e0||iRobot-A0CF4ECA53154FF4ACCEEE5F5D2CB17F||raspberrypi"
"2021-10-11T04:30:04.515603","4C:8B:30:CA:CE:A6||65TCLRokuTV||DC:E9:94:F9:17:6C||Lisas-MBP-2||Lisas-iPhone||Living-Room||d4:5d:64:1c:28:e0||iRobot-A0CF4ECA53154FF4ACCEEE5F5D2CB17F||raspberrypi"
"2021-10-11T04:35:04.668264","4C:8B:30:CA:CE:A6||65TCLRokuTV||DC:E9:94:F9:17:6C||Lisas-MBP-2||Lisas-iPhone||Living-Room||d4:5d:64:1c:28:e0||iRobot-A0CF4ECA53154FF4ACCEEE5F5D2CB17F||raspberrypi"
"2021-10-11T04:40:04.788595","4C:8B:30:CA:CE:A6||65TCLRokuTV||DC:E9:94:F9:17:6C||Lisas-MBP-2||Lisas-iPhone||Living-Room||d4:5d:64:1c:28:e0||iRobot-A0CF4ECA53154FF4ACCEEE5F5D2CB17F||raspberrypi"
"2021-10-11T04:45:04.963519","4C:8B:30:CA:CE:A6||65TCLRokuTV||DC:E9:94:F9:17:6C||Lisas-MBP-2||Lisas-iPhone||Living-Room||d4:5d:64:1c:28:e0||iRobot-A0CF4ECA53154FF4ACCEEE5F5D2CB17F||raspberrypi"
"2021-10-11T04:50:04.079776","4C:8B:30:CA:CE:A6||65TCLRokuTV||DC:E9:94:F9:17:6C||Lisas-MBP-2||Lisas-iPhone||Living-Room||d4:5d:64:1c:28:e0||iRobot-A0CF4ECA53154FF4ACCEEE5F5D2CB17F||raspberrypi"
"2021-10-11T04:55:04.175472","4C:8B:30:CA:CE:A6||65TCLRokuTV||DC:E9:94:F9:17:6C||Lisas-MBP-2||Lisas-iPhone||Living-Room||d4:5d:64:1c:28:e0||iRobot-A0CF4ECA53154FF4ACCEEE5F5D2CB17F||raspberrypi"
"2021-10-11T05:00:04.224480","4C:8B:30:CA:CE:A6||65TCLRokuTV||DC:E9:94:F9:17:6C||Lisas-MBP-2||Lisas-iPhone||Living-Room||d4:5d:64:1c:28:e0||iRobot-A0CF4ECA53154FF4ACCEEE5F5D2CB17F||raspberrypi"
"2021-10-11T05:05:04.397445","4C:8B:30:CA:CE:A6||65TCLRokuTV||DC:E9:94:F9:17:6C||Lisas-MBP-2||Lisas-iPhone||Living-Room||d4:5d:64:1c:28:e0||iRobot-A0CF4ECA53154FF4ACCEEE5F5D2CB17F||raspberrypi"
"2021-10-11T05:10:04.571435","4C:8B:30:CA:CE:A6||65TCLRokuTV||DC:E9:94:F9:17:6C||Lisas-MBP-2||Lisas-iPhone||Living-Room||d4:5d:64:1c:28:e0||iRobot-A0CF4ECA53154FF4ACCEEE5F5D2CB17F||raspberrypi"
"2021-10-11T05:15:04.714424","4C:8B:30:CA:CE:A6||65TCLRokuTV||DC:E9:94:F9:17:6C||Lisas-MBP-2||Lisas-iPhone||Living-Room||d4:5d:64:1c:28:e0||iRobot-A0CF4ECA53154FF4ACCEEE5F5D2CB17F||raspberrypi"
"2021-10-11T05:20:04.891094","4C:8B:30:CA:CE:A6||65TCLRokuTV||DC:E9:94:F9:17:6C||Lisas-MBP-2||Lisas-iPhone||Living-Room||d4:5d:64:1c:28:e0||iRobot-A0CF4ECA53154FF4ACCEEE5F5D2CB17F||raspberrypi"
"2021-10-11T05:25:05.203982","4C:8B:30:CA:CE:A6||65TCLRokuTV||DC:E9:94:F9:17:6C||Lisas-MBP-2||Lisas-iPhone||Living-Room||d4:5d:64:1c:28:e0||iRobot-A0CF4ECA53154FF4ACCEEE5F5D2CB17F||raspberrypi"
"2021-10-11T05:30:04.203037","4C:8B:30:CA:CE:A6||65TCLRokuTV||DC:E9:94:F9:17:6C||Lisas-MBP-2||Lisas-iPhone||Living-Room||d4:5d:64:1c:28:e0||iRobot-A0CF4ECA53154FF4ACCEEE5F5D2CB17F||raspberrypi"
"2021-10-11T05:35:04.269457","4C:8B:30:CA:CE:A6||65TCLRokuTV||DC:E9:94:F9:17:6C||Lisas-MBP-2||Lisas-iPhone||Living-Room||d4:5d:64:1c:28:e0||iRobot-A0CF4ECA53154FF4ACCEEE5F5D2CB17F||raspberrypi"
"2021-10-11T05:40:04.353287","4C:8B:30:CA:CE:A6||65TCLRokuTV||DC:E9:94:F9:17:6C||Lisas-MBP-2||Lisas-iPhone||Living-Room||d4:5d:64:1c:28:e0||iRobot-A0CF4ECA53154FF4ACCEEE5F5D2CB17F||raspberrypi"
"2021-10-11T05:45:04.515345","4C:8B:30:CA:CE:A6||65TCLRokuTV||DC:E9:94:F9:17:6C||Lisas-MBP-2||Lisas-iPhone||Living-Room||d4:5d:64:1c:28:e0||iRobot-A0CF4ECA53154FF4ACCEEE5F5D2CB17F||raspberrypi"
"2021-10-11T05:50:04.683992","4C:8B:30:CA:CE:A6||65TCLRokuTV||DC:E9:94:F9:17:6C||Lisas-MBP-2||Lisas-iPhone||Living-Room||d4:5d:64:1c:28:e0||iRobot-A0CF4ECA53154FF4ACCEEE5F5D2CB17F||raspberrypi"
"2021-10-11T05:55:04.841320","4C:8B:30:CA:CE:A6||65TCLRokuTV||DC:E9:94:F9:17:6C||Lisas-MBP-2||Lisas-iPhone||Living-Room||d4:5d:64:1c:28:e0||iRobot-A0CF4ECA53154FF4ACCEEE5F5D2CB17F||raspberrypi"
"2021-10-11T06:00:05.067618","4C:8B:30:CA:CE:A6||65TCLRokuTV||DC:E9:94:F9:17:6C||Lisas-MBP-2||Lisas-iPhone||Living-Room||d4:5d:64:1c:28:e0||iRobot-A0CF4ECA53154FF4ACCEEE5F5D2CB17F||raspberrypi"
"2021-10-11T06:05:04.057086","4C:8B:30:CA:CE:A6||65TCLRokuTV||DC:E9:94:F9:17:6C||Lisas-MBP-2||Lisas-iPhone||Living-Room||d4:5d:64:1c:28:e0||iRobot-A0CF4ECA53154FF4ACCEEE5F5D2CB17F||raspberrypi"
"2021-10-11T06:10:04.166467","4C:8B:30:CA:CE:A6||65TCLRokuTV||DC:E9:94:F9:17:6C||Lisas-MBP-2||Lisas-iPhone||Living-Room||d4:5d:64:1c:28:e0||iRobot-A0CF4ECA53154FF4ACCEEE5F5D2CB17F||raspberrypi"
"2021-10-11T06:15:04.255904","4C:8B:30:CA:CE:A6||65TCLRokuTV||DC:E9:94:F9:17:6C||Lisas-MBP-2||Lisas-iPhone||Living-Room||d4:5d:64:1c:28:e0||iRobot-A0CF4ECA53154FF4ACCEEE5F5D2CB17F||raspberrypi"
"2021-10-11T06:20:04.406410","4C:8B:30:CA:CE:A6||65TCLRokuTV||DC:E9:94:F9:17:6C||Lisas-MBP-2||Lisas-iPhone||Living-Room||d4:5d:64:1c:28:e0||iRobot-A0CF4ECA53154FF4ACCEEE5F5D2CB17F||raspberrypi"
"2021-10-11T06:25:04.579792","4C:8B:30:CA:CE:A6||65TCLRokuTV||DC:E9:94:F9:17:6C||Lisas-MBP-2||Lisas-iPhone||Living-Room||d4:5d:64:1c:28:e0||iRobot-A0CF4ECA53154FF4ACCEEE5F5D2CB17F||raspberrypi"
"2021-10-11T06:30:04.804372","4C:8B:30:CA:CE:A6||65TCLRokuTV||DC:E9:94:F9:17:6C||Lisas-MBP-2||Lisas-iPhone||Living-Room||d4:5d:64:1c:28:e0||iRobot-A0CF4ECA53154FF4ACCEEE5F5D2CB17F||raspberrypi"
"2021-10-11T06:35:04.863793","4C:8B:30:CA:CE:A6||65TCLRokuTV||DC:E9:94:F9:17:6C||Lisas-MBP-2||Lisas-iPhone||Living-Room||d4:5d:64:1c:28:e0||iRobot-A0CF4ECA53154FF4ACCEEE5F5D2CB17F||raspberrypi"
"2021-10-11T06:40:04.980341","4C:8B:30:CA:CE:A6||65TCLRokuTV||DC:E9:94:F9:17:6C||Lisas-MBP-2||Lisas-iPhone||Living-Room||d4:5d:64:1c:28:e0||iRobot-A0CF4ECA53154FF4ACCEEE5F5D2CB17F||raspberrypi"
"2021-10-11T06:45:04.110257","4C:8B:30:CA:CE:A6||65TCLRokuTV||DC:E9:94:F9:17:6C||Lisas-MBP-2||Lisas-iPhone||Living-Room||d4:5d:64:1c:28:e0||iRobot-A0CF4ECA53154FF4ACCEEE5F5D2CB17F||raspberrypi"
"2021-10-11T06:50:04.235038","4C:8B:30:CA:CE:A6||65TCLRokuTV||DC:E9:94:F9:17:6C||Lisas-MBP-2||Lisas-iPhone||Living-Room||d4:5d:64:1c:28:e0||iRobot-A0CF4ECA53154FF4ACCEEE5F5D2CB17F||raspberrypi"
"2021-10-11T06:55:04.412547","4C:8B:30:CA:CE:A6||65TCLRokuTV||DC:E9:94:F9:17:6C||Lisas-MBP-2||Lisas-iPhone||Living-Room||d4:5d:64:1c:28:e0||iRobot-A0CF4ECA53154FF4ACCEEE5F5D2CB17F||raspberrypi"
"2021-10-11T07:00:04.504243","4C:8B:30:CA:CE:A6||65TCLRokuTV||DC:E9:94:F9:17:6C||Lisas-MBP-2||Lisas-iPhone||Living-Room||d4:5d:64:1c:28:e0||iRobot-A0CF4ECA53154FF4ACCEEE5F5D2CB17F||raspberrypi"
"2021-10-11T07:05:04.628315","4C:8B:30:CA:CE:A6||65TCLRokuTV||DC:E9:94:F9:17:6C||Lisas-MBP-2||Lisas-iPhone||Living-Room||d4:5d:64:1c:28:e0||iRobot-A0CF4ECA53154FF4ACCEEE5F5D2CB17F||raspberrypi"
"2021-10-11T07:10:04.748543","4C:8B:30:CA:CE:A6||65TCLRokuTV||DC:E9:94:F9:17:6C||Lisas-MBP-2||Lisas-iPhone||Living-Room||d4:5d:64:1c:28:e0||iRobot-A0CF4ECA53154FF4ACCEEE5F5D2CB17F||raspberrypi"
"2021-10-11T07:15:04.911210","4C:8B:30:CA:CE:A6||65TCLRokuTV||DC:E9:94:F9:17:6C||Lisas-MBP-2||Lisas-iPhone||Living-Room||d4:5d:64:1c:28:e0||iRobot-A0CF4ECA53154FF4ACCEEE5F5D2CB17F||raspberrypi"
"2021-10-11T07:20:04.060135","4C:8B:30:CA:CE:A6||65TCLRokuTV||DC:E9:94:F9:17:6C||Lisas-MBP-2||Lisas-iPhone||Living-Room||d4:5d:64:1c:28:e0||iRobot-A0CF4ECA53154FF4ACCEEE5F5D2CB17F||raspberrypi"
"2021-10-11T07:25:04.157329","4C:8B:30:CA:CE:A6||65TCLRokuTV||DC:E9:94:F9:17:6C||Lisas-MBP-2||Lisas-iPhone||Living-Room||d4:5d:64:1c:28:e0||iRobot-A0CF4ECA53154FF4ACCEEE5F5D2CB17F||raspberrypi"
"2021-10-11T07:30:04.253819","4C:8B:30:CA:CE:A6||65TCLRokuTV||DC:E9:94:F9:17:6C||Lisas-MBP-2||Lisas-iPhone||Living-Room||d4:5d:64:1c:28:e0||iRobot-A0CF4ECA53154FF4ACCEEE5F5D2CB17F||raspberrypi"
"2021-10-11T07:35:04.396508","4C:8B:30:CA:CE:A6||65TCLRokuTV||DC:E9:94:F9:17:6C||Lisas-MBP-2||Lisas-iPhone||Living-Room||d4:5d:64:1c:28:e0||iRobot-A0CF4ECA53154FF4ACCEEE5F5D2CB17F||raspberrypi"
"2021-10-11T07:40:04.511740","4C:8B:30:CA:CE:A6||65TCLRokuTV||DC:E9:94:F9:17:6C||Lisas-MBP-2||Lisas-iPhone||Living-Room||d4:5d:64:1c:28:e0||iRobot-A0CF4ECA53154FF4ACCEEE5F5D2CB17F||raspberrypi"
"2021-10-11T07:45:04.619105","4C:8B:30:CA:CE:A6||65TCLRokuTV||DC:E9:94:F9:17:6C||Lisas-MBP-2||Lisas-iPhone||Living-Room||d4:5d:64:1c:28:e0||iRobot-A0CF4ECA53154FF4ACCEEE5F5D2CB17F||raspberrypi"
"2021-10-11T07:50:04.846188","4C:8B:30:CA:CE:A6||65TCLRokuTV||DC:E9:94:F9:17:6C||Lisas-MBP-2||Lisas-iPhone||Living-Room||d4:5d:64:1c:28:e0||iRobot-A0CF4ECA53154FF4ACCEEE5F5D2CB17F||raspberrypi"
"2021-10-11T07:55:05.054179","4C:8B:30:CA:CE:A6||65TCLRokuTV||DC:E9:94:F9:17:6C||Lisas-MBP-2||Lisas-iPhone||Living-Room||d4:5d:64:1c:28:e0||iRobot-A0CF4ECA53154FF4ACCEEE5F5D2CB17F||raspberrypi"
"2021-10-11T08:00:04.135835","4C:8B:30:CA:CE:A6||65TCLRokuTV||DC:E9:94:F9:17:6C||Lisas-MBP-2||Lisas-iPhone||Living-Room||d4:5d:64:1c:28:e0||iRobot-A0CF4ECA53154FF4ACCEEE5F5D2CB17F||raspberrypi"
"2021-10-11T08:05:04.282902","4C:8B:30:CA:CE:A6||65TCLRokuTV||DC:E9:94:F9:17:6C||Lisas-MBP-2||Lisas-iPhone||Living-Room||d4:5d:64:1c:28:e0||iRobot-A0CF4ECA53154FF4ACCEEE5F5D2CB17F||raspberrypi"
"2021-10-11T08:10:04.377564","4C:8B:30:CA:CE:A6||65TCLRokuTV||DC:E9:94:F9:17:6C||Lisas-MBP-2||Lisas-iPhone||Living-Room||d4:5d:64:1c:28:e0||iRobot-A0CF4ECA53154FF4ACCEEE5F5D2CB17F||raspberrypi"
"2021-10-11T08:15:04.568902","4C:8B:30:CA:CE:A6||65TCLRokuTV||DC:E9:94:F9:17:6C||Lisas-MBP-2||Lisas-iPhone||Living-Room||MatteosoogleMac||d4:5d:64:1c:28:e0||iRobot-A0CF4ECA53154FF4ACCEEE5F5D2CB17F||raspberrypi"
"2021-10-11T08:20:04.660890","4C:8B:30:CA:CE:A6||65TCLRokuTV||DC:E9:94:F9:17:6C||Lisas-MBP-2||Lisas-iPhone||Living-Room||d4:5d:64:1c:28:e0||iRobot-A0CF4ECA53154FF4ACCEEE5F5D2CB17F||raspberrypi"
"2021-10-11T08:25:04.779633","4C:8B:30:CA:CE:A6||65TCLRokuTV||DC:E9:94:F9:17:6C||Lisas-MBP-2||Lisas-iPhone||Living-Room||d4:5d:64:1c:28:e0||iRobot-A0CF4ECA53154FF4ACCEEE5F5D2CB17F||raspberrypi"
"2021-10-11T08:30:04.840865","4C:8B:30:CA:CE:A6||65TCLRokuTV||DC:E9:94:F9:17:6C||Lisas-MBP-2||Lisas-iPhone||Living-Room||d4:5d:64:1c:28:e0||iRobot-A0CF4ECA53154FF4ACCEEE5F5D2CB17F||raspberrypi"
"2021-10-11T08:35:04.956972","1a:05:44:78:88:7b||4C:8B:30:CA:CE:A6||65TCLRokuTV||DC:E9:94:F9:17:6C||Lisas-MBP-2||Lisas-iPhone||Living-Room||MatteospleWatch||d4:5d:64:1c:28:e0||iRobot-A0CF4ECA53154FF4ACCEEE5F5D2CB17F||raspberrypi"
"2021-10-11T08:40:03.988954","4C:8B:30:CA:CE:A6||65TCLRokuTV||DC:E9:94:F9:17:6C||Lisas-MBP-2||Lisas-iPhone||Living-Room||MatteospleWatch||Pixel-3a-XL||d4:5d:64:1c:28:e0||iRobot-A0CF4ECA53154FF4ACCEEE5F5D2CB17F||raspberrypi"
"2021-10-11T08:45:03.918575","4C:8B:30:CA:CE:A6||65TCLRokuTV||DC:E9:94:F9:17:6C||Lisas-MBP-2||Lisas-iPhone||Living-Room||MatteospleWatch||Pixel-3a-XL||d4:5d:64:1c:28:e0||iRobot-A0CF4ECA53154FF4ACCEEE5F5D2CB17F||raspberrypi"
"2021-10-11T08:50:04.872450","4C:8B:30:CA:CE:A6||65TCLRokuTV||DC:E9:94:F9:17:6C||Lisas-MBP-2||Lisas-iPhone||Living-Room||MatteospleWatch||Pixel-3a-XL||d4:5d:64:1c:28:e0||iRobot-A0CF4ECA53154FF4ACCEEE5F5D2CB17F||raspberrypi"
"2021-10-11T08:55:05.101546","4C:8B:30:CA:CE:A6||65TCLRokuTV||DC:E9:94:F9:17:6C||Lisas-MBP-2||Lisas-iPhone||Living-Room||MatteospleWatch||Pixel-3a-XL||d4:5d:64:1c:28:e0||iRobot-A0CF4ECA53154FF4ACCEEE5F5D2CB17F||raspberrypi"
"2021-10-11T09:00:04.031085","4C:8B:30:CA:CE:A6||65TCLRokuTV||DC:E9:94:F9:17:6C||Lisas-MBP-2||Lisas-iPhone||Living-Room||MatteospleWatch||Pixel-3a-XL||d4:5d:64:1c:28:e0||iRobot-A0CF4ECA53154FF4ACCEEE5F5D2CB17F||raspberrypi"
"2021-10-11T09:05:03.964164","4C:8B:30:CA:CE:A6||65TCLRokuTV||DC:E9:94:F9:17:6C||Lisas-MBP-2||Lisas-iPhone||Living-Room||MatteospleWatch||Pixel-3a-XL||d4:5d:64:1c:28:e0||iRobot-A0CF4ECA53154FF4ACCEEE5F5D2CB17F||raspberrypi"
"2021-10-11T09:10:03.919043","4C:8B:30:CA:CE:A6||65TCLRokuTV||DC:E9:94:F9:17:6C||Lisas-MBP-2||Lisas-iPhone||Living-Room||MatteospleWatch||Pixel-3a-XL||d4:5d:64:1c:28:e0||iRobot-A0CF4ECA53154FF4ACCEEE5F5D2CB17F||raspberrypi"
"2021-10-11T09:15:05.024770","4C:8B:30:CA:CE:A6||65TCLRokuTV||DC:E9:94:F9:17:6C||Lisas-MBP-2||Lisas-iPhone||Living-Room||MatteospleWatch||Pixel-3a-XL||d4:5d:64:1c:28:e0||iRobot-A0CF4ECA53154FF4ACCEEE5F5D2CB17F||raspberrypi"
"2021-10-11T09:20:04.139582","4C:8B:30:CA:CE:A6||65TCLRokuTV||DC:E9:94:F9:17:6C||Lisas-MBP-2||Lisas-iPhone||Living-Room||MatteospleWatch||Pixel-3a-XL||d4:5d:64:1c:28:e0||iRobot-A0CF4ECA53154FF4ACCEEE5F5D2CB17F||raspberrypi"
"2021-10-11T09:25:04.145342","4C:8B:30:CA:CE:A6||65TCLRokuTV||DC:E9:94:F9:17:6C||Lisas-MBP-2||Lisas-iPhone||Living-Room||MatteospleWatch||Pixel-3a-XL||d4:5d:64:1c:28:e0||iRobot-A0CF4ECA53154FF4ACCEEE5F5D2CB17F||raspberrypi"
"2021-10-11T09:30:04.307249","4C:8B:30:CA:CE:A6||65TCLRokuTV||DC:E9:94:F9:17:6C||Lisas-MBP-2||Lisas-iPhone||Living-Room||MatteospleWatch||Pixel-3a-XL||d4:5d:64:1c:28:e0||iRobot-A0CF4ECA53154FF4ACCEEE5F5D2CB17F||raspberrypi"
"2021-10-11T09:35:04.272772","4C:8B:30:CA:CE:A6||65TCLRokuTV||DC:E9:94:F9:17:6C||Lisas-MBP-2||Lisas-iPhone||Living-Room||MatteospleWatch||Pixel-3a-XL||d4:5d:64:1c:28:e0||iRobot-A0CF4ECA53154FF4ACCEEE5F5D2CB17F||raspberrypi"
"2021-10-11T09:40:04.201402","4C:8B:30:CA:CE:A6||65TCLRokuTV||DC:E9:94:F9:17:6C||Lisas-MBP-2||Lisas-iPhone||Living-Room||MatteospleWatch||Pixel-3a-XL||d4:5d:64:1c:28:e0||iRobot-A0CF4ECA53154FF4ACCEEE5F5D2CB17F||raspberrypi"
"2021-10-11T09:45:04.167478","4C:8B:30:CA:CE:A6||65TCLRokuTV||DC:E9:94:F9:17:6C||Lisas-MBP-2||Lisas-iPhone||Living-Room||MatteospleWatch||Pixel-3a-XL||d4:5d:64:1c:28:e0||iRobot-A0CF4ECA53154FF4ACCEEE5F5D2CB17F||raspberrypi"
"2021-10-11T09:50:04.135721","4C:8B:30:CA:CE:A6||65TCLRokuTV||DC:E9:94:F9:17:6C||Lisas-MBP-2||Lisas-iPhone||Living-Room||MatteospleWatch||Pixel-3a-XL||d4:5d:64:1c:28:e0||iRobot-A0CF4ECA53154FF4ACCEEE5F5D2CB17F||raspberrypi"
"2021-10-11T09:55:04.167271","4C:8B:30:CA:CE:A6||65TCLRokuTV||DC:E9:94:F9:17:6C||Lisas-MBP-2||Lisas-iPhone||Living-Room||MatteospleWatch||Pixel-3a-XL||d4:5d:64:1c:28:e0||iRobot-A0CF4ECA53154FF4ACCEEE5F5D2CB17F||raspberrypi"
"2021-10-11T10:00:04.179360","4C:8B:30:CA:CE:A6||65TCLRokuTV||DC:E9:94:F9:17:6C||Lisas-MBP-2||Lisas-iPhone||Living-Room||MatteospleWatch||Pixel-3a-XL||d4:5d:64:1c:28:e0||iRobot-A0CF4ECA53154FF4ACCEEE5F5D2CB17F||raspberrypi"
"2021-10-11T10:05:04.293419","4C:8B:30:CA:CE:A6||65TCLRokuTV||DC:E9:94:F9:17:6C||Lisas-MBP-2||Lisas-iPhone||Living-Room||MatteospleWatch||Pixel-3a-XL||d4:5d:64:1c:28:e0||iRobot-A0CF4ECA53154FF4ACCEEE5F5D2CB17F||raspberrypi"
"2021-10-11T10:10:04.182961","4C:8B:30:CA:CE:A6||65TCLRokuTV||DC:E9:94:F9:17:6C||Lisas-MBP-2||Lisas-iPhone||Living-Room||MatteospleWatch||Pixel-3a-XL||d4:5d:64:1c:28:e0||iRobot-A0CF4ECA53154FF4ACCEEE5F5D2CB17F||raspberrypi"
"2021-10-11T10:15:04.155715","4C:8B:30:CA:CE:A6||65TCLRokuTV||DC:E9:94:F9:17:6C||Lisas-MBP-2||Lisas-iPhone||Living-Room||MatteospleWatch||Pixel-3a-XL||d4:5d:64:1c:28:e0||iRobot-A0CF4ECA53154FF4ACCEEE5F5D2CB17F||raspberrypi"
"2021-10-11T10:20:04.126946","4C:8B:30:CA:CE:A6||65TCLRokuTV||DC:E9:94:F9:17:6C||Lisas-MBP-2||Lisas-iPhone||Living-Room||MatteospleWatch||Pixel-3a-XL||d4:5d:64:1c:28:e0||iRobot-A0CF4ECA53154FF4ACCEEE5F5D2CB17F||raspberrypi"
"2021-10-11T10:25:04.123629","4C:8B:30:CA:CE:A6||65TCLRokuTV||DC:E9:94:F9:17:6C||Lisas-MBP-2||Lisas-iPhone||Living-Room||MatteospleWatch||Pixel-3a-XL||d4:5d:64:1c:28:e0||iRobot-A0CF4ECA53154FF4ACCEEE5F5D2CB17F||raspberrypi"
"2021-10-11T10:30:04.088107","4C:8B:30:CA:CE:A6||65TCLRokuTV||DC:E9:94:F9:17:6C||Lisas-MBP-2||Lisas-iPhone||Living-Room||MatteospleWatch||Pixel-3a-XL||d4:5d:64:1c:28:e0||iRobot-A0CF4ECA53154FF4ACCEEE5F5D2CB17F||raspberrypi"
"2021-10-11T10:35:04.074432","4C:8B:30:CA:CE:A6||65TCLRokuTV||DC:E9:94:F9:17:6C||Lisas-MBP-2||Lisas-iPhone||Living-Room||MatteospleWatch||Pixel-3a-XL||d4:5d:64:1c:28:e0||iRobot-A0CF4ECA53154FF4ACCEEE5F5D2CB17F||raspberrypi"
"2021-10-11T10:40:04.172743","4C:8B:30:CA:CE:A6||65TCLRokuTV||DC:E9:94:F9:17:6C||Lisas-MBP-2||Lisas-iPhone||Living-Room||MatteospleWatch||Pixel-3a-XL||d4:5d:64:1c:28:e0||iRobot-A0CF4ECA53154FF4ACCEEE5F5D2CB17F||raspberrypi"
"2021-10-11T10:45:04.276376","4C:8B:30:CA:CE:A6||65TCLRokuTV||DC:E9:94:F9:17:6C||Lisas-MBP-2||Lisas-iPhone||Living-Room||MatteospleWatch||Pixel-3a-XL||d4:5d:64:1c:28:e0||iRobot-A0CF4ECA53154FF4ACCEEE5F5D2CB17F||raspberrypi"
"2021-10-11T10:50:04.218010","4C:8B:30:CA:CE:A6||65TCLRokuTV||DC:E9:94:F9:17:6C||Lisas-MBP-2||Lisas-iPhone||Living-Room||MatteospleWatch||Pixel-3a-XL||d4:5d:64:1c:28:e0||iRobot-A0CF4ECA53154FF4ACCEEE5F5D2CB17F||raspberrypi"
"2021-10-11T10:55:04.296020","4C:8B:30:CA:CE:A6||65TCLRokuTV||DC:E9:94:F9:17:6C||Lisas-MBP-2||Lisas-iPhone||Living-Room||MatteospleWatch||Pixel-3a-XL||d4:5d:64:1c:28:e0||iRobot-A0CF4ECA53154FF4ACCEEE5F5D2CB17F||raspberrypi"
"2021-10-11T11:00:04.272184","4C:8B:30:CA:CE:A6||65TCLRokuTV||DC:E9:94:F9:17:6C||Lisas-MBP-2||Lisas-iPhone||Living-Room||MatteospleWatch||Pixel-3a-XL||d4:5d:64:1c:28:e0||iRobot-A0CF4ECA53154FF4ACCEEE5F5D2CB17F||raspberrypi"
"2021-10-11T11:05:04.152466","4C:8B:30:CA:CE:A6||65TCLRokuTV||DC:E9:94:F9:17:6C||Lisas-MBP-2||Lisas-iPhone||Living-Room||MatteospleWatch||Pixel-3a-XL||d4:5d:64:1c:28:e0||iRobot-A0CF4ECA53154FF4ACCEEE5F5D2CB17F||raspberrypi"
"2021-10-11T11:10:04.105510","4C:8B:30:CA:CE:A6||65TCLRokuTV||DC:E9:94:F9:17:6C||Lisas-MBP-2||Lisas-iPhone||Living-Room||MatteospleWatch||Pixel-3a-XL||d4:5d:64:1c:28:e0||iRobot-A0CF4ECA53154FF4ACCEEE5F5D2CB17F||raspberrypi"
"2021-10-11T11:15:04.189984","4C:8B:30:CA:CE:A6||65TCLRokuTV||DC:E9:94:F9:17:6C||Lisas-MBP-2||Lisas-iPhone||Living-Room||MatteospleWatch||Pixel-3a-XL||d4:5d:64:1c:28:e0||iRobot-A0CF4ECA53154FF4ACCEEE5F5D2CB17F||raspberrypi"
"2021-10-11T11:20:04.295258","4C:8B:30:CA:CE:A6||65TCLRokuTV||DC:E9:94:F9:17:6C||Lisas-MBP-2||Lisas-iPhone||Living-Room||MatteospleWatch||Pixel-3a-XL||d4:5d:64:1c:28:e0||iRobot-A0CF4ECA53154FF4ACCEEE5F5D2CB17F||raspberrypi"
"2021-10-11T11:25:04.457806","4C:8B:30:CA:CE:A6||65TCLRokuTV||DC:E9:94:F9:17:6C||Lisas-MBP-2||Lisas-iPhone||Living-Room||MatteospleWatch||Pixel-3a-XL||d4:5d:64:1c:28:e0||iRobot-A0CF4ECA53154FF4ACCEEE5F5D2CB17F||raspberrypi"
"2021-10-11T11:30:04.548264","4C:8B:30:CA:CE:A6||65TCLRokuTV||DC:E9:94:F9:17:6C||Lisas-MBP-2||Lisas-iPhone||Living-Room||MatteospleWatch||Pixel-3a-XL||d4:5d:64:1c:28:e0||iRobot-A0CF4ECA53154FF4ACCEEE5F5D2CB17F||raspberrypi"
"2021-10-11T11:35:04.668942","4C:8B:30:CA:CE:A6||65TCLRokuTV||DC:E9:94:F9:17:6C||Lisas-MBP-2||Lisas-iPhone||Living-Room||MatteospleWatch||Pixel-3a-XL||d4:5d:64:1c:28:e0||iRobot-A0CF4ECA53154FF4ACCEEE5F5D2CB17F||raspberrypi"
"2021-10-11T11:40:04.797192","4C:8B:30:CA:CE:A6||65TCLRokuTV||DC:E9:94:F9:17:6C||Lisas-MBP-2||Lisas-iPhone||Living-Room||MatteospleWatch||Pixel-3a-XL||d4:5d:64:1c:28:e0||iRobot-A0CF4ECA53154FF4ACCEEE5F5D2CB17F||raspberrypi"
"2021-10-11T11:45:04.831752","4C:8B:30:CA:CE:A6||65TCLRokuTV||DC:E9:94:F9:17:6C||Lisas-MBP-2||Lisas-iPhone||Living-Room||MatteospleWatch||Pixel-3a-XL||d4:5d:64:1c:28:e0||iRobot-A0CF4ECA53154FF4ACCEEE5F5D2CB17F||raspberrypi"
"2021-10-11T11:50:04.957790","4C:8B:30:CA:CE:A6||65TCLRokuTV||DC:E9:94:F9:17:6C||Lisas-MBP-2||Lisas-iPhone||Living-Room||MatteospleWatch||Pixel-3a-XL||d4:5d:64:1c:28:e0||iRobot-A0CF4ECA53154FF4ACCEEE5F5D2CB17F||raspberrypi"
"2021-10-11T11:55:03.982763","4C:8B:30:CA:CE:A6||65TCLRokuTV||DC:E9:94:F9:17:6C||Lisas-MBP-2||Lisas-iPhone||Living-Room||MatteospleWatch||Pixel-3a-XL||d4:5d:64:1c:28:e0||iRobot-A0CF4ECA53154FF4ACCEEE5F5D2CB17F||raspberrypi"
"2021-10-11T12:00:03.900431","4C:8B:30:CA:CE:A6||65TCLRokuTV||DC:E9:94:F9:17:6C||Lisas-MBP-2||Lisas-iPhone||Living-Room||MatteospleWatch||Pixel-3a-XL||d4:5d:64:1c:28:e0||iRobot-A0CF4ECA53154FF4ACCEEE5F5D2CB17F||raspberrypi"
"2021-10-11T12:05:04.912774","4C:8B:30:CA:CE:A6||65TCLRokuTV||DC:E9:94:F9:17:6C||Lisas-MBP-2||Lisas-iPhone||Living-Room||MatteospleWatch||Pixel-3a-XL||d4:5d:64:1c:28:e0||iRobot-A0CF4ECA53154FF4ACCEEE5F5D2CB17F||raspberrypi"
"2021-10-11T12:10:04.892190","4C:8B:30:CA:CE:A6||65TCLRokuTV||DC:E9:94:F9:17:6C||Lisas-MBP-2||Lisas-iPhone||Living-Room||MatteospleWatch||Pixel-3a-XL||d4:5d:64:1c:28:e0||iRobot-A0CF4ECA53154FF4ACCEEE5F5D2CB17F||raspberrypi"
"2021-10-11T12:15:04.812912","4C:8B:30:CA:CE:A6||65TCLRokuTV||DC:E9:94:F9:17:6C||Lisas-MBP-2||Lisas-iPhone||Living-Room||MatteospleWatch||Pixel-3a-XL||d4:5d:64:1c:28:e0||iRobot-A0CF4ECA53154FF4ACCEEE5F5D2CB17F||raspberrypi"
"2021-10-11T12:20:04.840850","4C:8B:30:CA:CE:A6||65TCLRokuTV||DC:E9:94:F9:17:6C||Lisas-MBP-2||Lisas-iPhone||Living-Room||MatteospleWatch||Pixel-3a-XL||d4:5d:64:1c:28:e0||iRobot-A0CF4ECA53154FF4ACCEEE5F5D2CB17F||raspberrypi"
"2021-10-11T12:25:04.868481","4C:8B:30:CA:CE:A6||65TCLRokuTV||DC:E9:94:F9:17:6C||Lisas-MBP-2||Lisas-iPhone||Living-Room||MatteospleWatch||Pixel-3a-XL||d4:5d:64:1c:28:e0||iRobot-A0CF4ECA53154FF4ACCEEE5F5D2CB17F||raspberrypi"
"2021-10-11T12:30:04.966016","4C:8B:30:CA:CE:A6||65TCLRokuTV||DC:E9:94:F9:17:6C||Lisas-MBP-2||Lisas-iPhone||Living-Room||MatteospleWatch||Pixel-3a-XL||d4:5d:64:1c:28:e0||iRobot-A0CF4ECA53154FF4ACCEEE5F5D2CB17F||raspberrypi"
"2021-10-11T12:35:04.008763","4C:8B:30:CA:CE:A6||65TCLRokuTV||DC:E9:94:F9:17:6C||Lisas-MBP-2||Lisas-iPhone||Living-Room||MatteospleWatch||Pixel-3a-XL||d4:5d:64:1c:28:e0||iRobot-A0CF4ECA53154FF4ACCEEE5F5D2CB17F||raspberrypi"
"2021-10-11T12:40:04.167416","4C:8B:30:CA:CE:A6||65TCLRokuTV||DC:E9:94:F9:17:6C||Lisas-MBP-2||Lisas-iPhone||Living-Room||MatteospleWatch||Pixel-3a-XL||d4:5d:64:1c:28:e0||iRobot-A0CF4ECA53154FF4ACCEEE5F5D2CB17F||raspberrypi"
"2021-10-11T12:45:04.274913","4C:8B:30:CA:CE:A6||65TCLRokuTV||DC:E9:94:F9:17:6C||Lisas-MBP-2||Lisas-iPhone||Living-Room||MatteospleWatch||Pixel-3a-XL||d4:5d:64:1c:28:e0||iRobot-A0CF4ECA53154FF4ACCEEE5F5D2CB17F||raspberrypi"
"2021-10-11T12:50:04.371450","4C:8B:30:CA:CE:A6||65TCLRokuTV||DC:E9:94:F9:17:6C||Lisas-MBP-2||Lisas-iPhone||Living-Room||MatteospleWatch||Pixel-3a-XL||d4:5d:64:1c:28:e0||iRobot-A0CF4ECA53154FF4ACCEEE5F5D2CB17F||raspberrypi"
"2021-10-11T12:55:04.497143","4C:8B:30:CA:CE:A6||65TCLRokuTV||DC:E9:94:F9:17:6C||Lisas-MBP-2||Lisas-iPhone||Living-Room||MatteospleWatch||Pixel-3a-XL||d4:5d:64:1c:28:e0||iRobot-A0CF4ECA53154FF4ACCEEE5F5D2CB17F||raspberrypi"
"2021-10-11T13:00:04.646833","4C:8B:30:CA:CE:A6||65TCLRokuTV||DC:E9:94:F9:17:6C||Lisas-MBP-2||Lisas-iPhone||Living-Room||MatteospleWatch||Pixel-3a-XL||d4:5d:64:1c:28:e0||iRobot-A0CF4ECA53154FF4ACCEEE5F5D2CB17F||raspberrypi"
"2021-10-11T13:05:04.785270","4C:8B:30:CA:CE:A6||65TCLRokuTV||DC:E9:94:F9:17:6C||Lisas-MBP-2||Lisas-iPhone||Living-Room||MatteospleWatch||Pixel-3a-XL||d4:5d:64:1c:28:e0||iRobot-A0CF4ECA53154FF4ACCEEE5F5D2CB17F||raspberrypi"
"2021-10-11T13:10:04.891541","4C:8B:30:CA:CE:A6||65TCLRokuTV||DC:E9:94:F9:17:6C||Lisas-MBP-2||Lisas-iPhone||Living-Room||MatteospleWatch||Pixel-3a-XL||d4:5d:64:1c:28:e0||iRobot-A0CF4ECA53154FF4ACCEEE5F5D2CB17F||raspberrypi"
"2021-10-11T13:15:05.054550","4C:8B:30:CA:CE:A6||65TCLRokuTV||DC:E9:94:F9:17:6C||Lisas-MBP-2||Lisas-iPhone||Living-Room||MatteospleWatch||Pixel-3a-XL||d4:5d:64:1c:28:e0||iRobot-A0CF4ECA53154FF4ACCEEE5F5D2CB17F||raspberrypi"
"2021-10-11T13:20:11.435851","4C:8B:30:CA:CE:A6||65TCLRokuTV||DC:E9:94:F9:17:6C||Lisas-MBP-2||Lisas-iPhone||Living-Room||MatteospleWatch||Pixel-3a-XL||d4:5d:64:1c:28:e0||iRobot-A0CF4ECA53154FF4ACCEEE5F5D2CB17F||raspberrypi"
"2021-10-11T13:25:04.542468","4C:8B:30:CA:CE:A6||65TCLRokuTV||DC:E9:94:F9:17:6C||Lisas-MBP-2||Lisas-iPhone||Living-Room||MatteospleWatch||Pixel-3a-XL||d4:5d:64:1c:28:e0||iRobot-A0CF4ECA53154FF4ACCEEE5F5D2CB17F||raspberrypi"
"2021-10-11T13:30:04.546376","4C:8B:30:CA:CE:A6||65TCLRokuTV||DC:E9:94:F9:17:6C||Lisas-MBP-2||Lisas-iPhone||Living-Room||MatteospleWatch||Pixel-3a-XL||d4:5d:64:1c:28:e0||iRobot-A0CF4ECA53154FF4ACCEEE5F5D2CB17F||raspberrypi"
"2021-10-11T13:35:04.625173","4C:8B:30:CA:CE:A6||65TCLRokuTV||DC:E9:94:F9:17:6C||Lisas-MBP-2||Lisas-iPhone||Living-Room||MatteospleWatch||Pixel-3a-XL||d4:5d:64:1c:28:e0||iRobot-A0CF4ECA53154FF4ACCEEE5F5D2CB17F||raspberrypi"
"2021-10-11T13:40:04.784686","4C:8B:30:CA:CE:A6||65TCLRokuTV||DC:E9:94:F9:17:6C||Lisas-MBP-2||Lisas-iPhone||Living-Room||MatteospleWatch||Pixel-3a-XL||d4:5d:64:1c:28:e0||iRobot-A0CF4ECA53154FF4ACCEEE5F5D2CB17F||raspberrypi"
"2021-10-11T13:45:05.069349","4C:8B:30:CA:CE:A6||65TCLRokuTV||DC:E9:94:F9:17:6C||Lisas-MBP-2||Lisas-iPhone||Living-Room||MatteospleWatch||Pixel-3a-XL||d4:5d:64:1c:28:e0||iRobot-A0CF4ECA53154FF4ACCEEE5F5D2CB17F||raspberrypi"
"2021-10-11T13:50:04.082098","4C:8B:30:CA:CE:A6||65TCLRokuTV||DC:E9:94:F9:17:6C||Lisas-MBP-2||Lisas-iPhone||Living-Room||MatteospleWatch||Pixel-3a-XL||d4:5d:64:1c:28:e0||iRobot-A0CF4ECA53154FF4ACCEEE5F5D2CB17F||raspberrypi"
"2021-10-11T13:55:04.145142","4C:8B:30:CA:CE:A6||65TCLRokuTV||DC:E9:94:F9:17:6C||Lisas-MBP-2||Lisas-iPhone||Living-Room||MatteospleWatch||Pixel-3a-XL||d4:5d:64:1c:28:e0||iRobot-A0CF4ECA53154FF4ACCEEE5F5D2CB17F||raspberrypi"
"2021-10-11T14:00:04.251542","4C:8B:30:CA:CE:A6||65TCLRokuTV||DC:E9:94:F9:17:6C||Lisas-MBP-2||Lisas-iPhone||Living-Room||MatteospleWatch||Pixel-3a-XL||d4:5d:64:1c:28:e0||iRobot-A0CF4ECA53154FF4ACCEEE5F5D2CB17F||raspberrypi"
"2021-10-11T14:05:04.374492","4C:8B:30:CA:CE:A6||65TCLRokuTV||DC:E9:94:F9:17:6C||Lisas-MBP-2||Lisas-iPhone||Living-Room||MatteospleWatch||Pixel-3a-XL||d4:5d:64:1c:28:e0||iRobot-A0CF4ECA53154FF4ACCEEE5F5D2CB17F||raspberrypi"
"2021-10-11T14:10:04.505319","4C:8B:30:CA:CE:A6||65TCLRokuTV||DC:E9:94:F9:17:6C||Lisas-MBP-2||Lisas-iPhone||Living-Room||MatteospleWatch||Pixel-3a-XL||d4:5d:64:1c:28:e0||iRobot-A0CF4ECA53154FF4ACCEEE5F5D2CB17F||raspberrypi"
"2021-10-11T14:15:04.671330","4C:8B:30:CA:CE:A6||65TCLRokuTV||DC:E9:94:F9:17:6C||Lisas-MBP-2||Lisas-iPhone||Living-Room||MatteospleWatch||Pixel-3a-XL||d4:5d:64:1c:28:e0||iRobot-A0CF4ECA53154FF4ACCEEE5F5D2CB17F||raspberrypi"
"2021-10-11T14:20:04.869355","4C:8B:30:CA:CE:A6||65TCLRokuTV||DC:E9:94:F9:17:6C||Lisas-MBP-2||Lisas-iPhone||Living-Room||MatteospleWatch||Pixel-3a-XL||d4:5d:64:1c:28:e0||iRobot-A0CF4ECA53154FF4ACCEEE5F5D2CB17F||raspberrypi"
"2021-10-11T14:25:05.007353","4C:8B:30:CA:CE:A6||65TCLRokuTV||DC:E9:94:F9:17:6C||Lisas-MBP-2||Lisas-iPhone||Living-Room||MatteospleWatch||Pixel-3a-XL||d4:5d:64:1c:28:e0||iRobot-A0CF4ECA53154FF4ACCEEE5F5D2CB17F||raspberrypi"
"2021-10-11T14:30:04.050064","4C:8B:30:CA:CE:A6||65TCLRokuTV||DC:E9:94:F9:17:6C||Lisas-MBP-2||Lisas-iPhone||Living-Room||MatteospleWatch||Pixel-3a-XL||d4:5d:64:1c:28:e0||iRobot-A0CF4ECA53154FF4ACCEEE5F5D2CB17F||raspberrypi"
"2021-10-11T14:35:04.098366","4C:8B:30:CA:CE:A6||65TCLRokuTV||DC:E9:94:F9:17:6C||Lisas-MBP-2||Lisas-iPhone||Living-Room||MatteospleWatch||Pixel-3a-XL||d4:5d:64:1c:28:e0||iRobot-A0CF4ECA53154FF4ACCEEE5F5D2CB17F||raspberrypi"
"2021-10-11T14:40:04.243427","4C:8B:30:CA:CE:A6||65TCLRokuTV||DC:E9:94:F9:17:6C||Lisas-MBP-2||Lisas-iPhone||Living-Room||MatteospleWatch||Pixel-3a-XL||d4:5d:64:1c:28:e0||iRobot-A0CF4ECA53154FF4ACCEEE5F5D2CB17F||raspberrypi"
"2021-10-11T14:45:04.340395","4C:8B:30:CA:CE:A6||65TCLRokuTV||DC:E9:94:F9:17:6C||Lisas-MBP-2||Lisas-iPhone||Living-Room||MatteospleWatch||Pixel-3a-XL||d4:5d:64:1c:28:e0||iRobot-A0CF4ECA53154FF4ACCEEE5F5D2CB17F||raspberrypi"
"2021-10-11T14:50:04.490261","4C:8B:30:CA:CE:A6||65TCLRokuTV||DC:E9:94:F9:17:6C||Lisas-MBP-2||Lisas-iPhone||Living-Room||MatteospleWatch||Pixel-3a-XL||d4:5d:64:1c:28:e0||iRobot-A0CF4ECA53154FF4ACCEEE5F5D2CB17F||raspberrypi"
"2021-10-11T14:55:04.575620","4C:8B:30:CA:CE:A6||65TCLRokuTV||DC:E9:94:F9:17:6C||Lisas-MBP-2||Lisas-iPhone||Living-Room||MatteospleWatch||Pixel-3a-XL||d4:5d:64:1c:28:e0||iRobot-A0CF4ECA53154FF4ACCEEE5F5D2CB17F||raspberrypi"
"2021-10-11T15:00:04.396876","4C:8B:30:CA:CE:A6||65TCLRokuTV||DC:E9:94:F9:17:6C||Lisas-MBP-2||Lisas-iPhone||Living-Room||MatteospleWatch||Pixel-3a-XL||d4:5d:64:1c:28:e0||iRobot-A0CF4ECA53154FF4ACCEEE5F5D2CB17F||raspberrypi"
"2021-10-11T15:05:04.322939","4C:8B:30:CA:CE:A6||65TCLRokuTV||DC:E9:94:F9:17:6C||Lisas-MBP-2||Lisas-iPhone||Living-Room||MatteospleWatch||Pixel-3a-XL||d4:5d:64:1c:28:e0||iRobot-A0CF4ECA53154FF4ACCEEE5F5D2CB17F||raspberrypi"
"2021-10-11T15:10:04.300277","4C:8B:30:CA:CE:A6||65TCLRokuTV||DC:E9:94:F9:17:6C||Lisas-MBP-2||Lisas-iPhone||Living-Room||MatteospleWatch||Pixel-3a-XL||d4:5d:64:1c:28:e0||iRobot-A0CF4ECA53154FF4ACCEEE5F5D2CB17F||raspberrypi"
"2021-10-11T15:15:04.295808","4C:8B:30:CA:CE:A6||65TCLRokuTV||DC:E9:94:F9:17:6C||Lisas-MBP-2||Lisas-iPhone||Living-Room||MatteospleWatch||Pixel-3a-XL||d4:5d:64:1c:28:e0||iRobot-A0CF4ECA53154FF4ACCEEE5F5D2CB17F||raspberrypi"
"2021-10-11T15:20:04.414625","4C:8B:30:CA:CE:A6||65TCLRokuTV||DC:E9:94:F9:17:6C||Lisas-MBP-2||Lisas-iPhone||Living-Room||MatteospleWatch||Pixel-3a-XL||d4:5d:64:1c:28:e0||iRobot-A0CF4ECA53154FF4ACCEEE5F5D2CB17F||raspberrypi"
"2021-10-11T15:25:04.532036","4C:8B:30:CA:CE:A6||65TCLRokuTV||DC:E9:94:F9:17:6C||Lisas-MBP-2||Lisas-iPhone||Living-Room||MatteospleWatch||Pixel-3a-XL||d4:5d:64:1c:28:e0||iRobot-A0CF4ECA53154FF4ACCEEE5F5D2CB17F||raspberrypi"
"2021-10-11T15:30:04.630624","4C:8B:30:CA:CE:A6||65TCLRokuTV||DC:E9:94:F9:17:6C||Lisas-MBP-2||Lisas-iPhone||Living-Room||MatteospleWatch||Pixel-3a-XL||d4:5d:64:1c:28:e0||iRobot-A0CF4ECA53154FF4ACCEEE5F5D2CB17F||raspberrypi"
"2021-10-11T15:35:04.754788","4C:8B:30:CA:CE:A6||65TCLRokuTV||DC:E9:94:F9:17:6C||Lisas-MBP-2||Lisas-iPhone||Living-Room||MatteospleWatch||Pixel-3a-XL||d4:5d:64:1c:28:e0||iRobot-A0CF4ECA53154FF4ACCEEE5F5D2CB17F||raspberrypi"
"2021-10-11T15:40:04.880325","4C:8B:30:CA:CE:A6||65TCLRokuTV||DC:E9:94:F9:17:6C||Lisas-MBP-2||Lisas-iPhone||Living-Room||MatteospleWatch||Pixel-3a-XL||d4:5d:64:1c:28:e0||iRobot-A0CF4ECA53154FF4ACCEEE5F5D2CB17F||raspberrypi"
"2021-10-11T15:45:04.973906","4C:8B:30:CA:CE:A6||65TCLRokuTV||DC:E9:94:F9:17:6C||Lisas-MBP-2||Lisas-iPhone||Living-Room||MatteospleWatch||Pixel-3a-XL||d4:5d:64:1c:28:e0||iRobot-A0CF4ECA53154FF4ACCEEE5F5D2CB17F||raspberrypi"
"2021-10-11T15:50:04.074808","4C:8B:30:CA:CE:A6||65TCLRokuTV||DC:E9:94:F9:17:6C||Lisas-MBP-2||Lisas-iPhone||Living-Room||MatteospleWatch||Pixel-3a-XL||d4:5d:64:1c:28:e0||iRobot-A0CF4ECA53154FF4ACCEEE5F5D2CB17F||raspberrypi"
"2021-10-11T15:55:04.006155","4C:8B:30:CA:CE:A6||65TCLRokuTV||DC:E9:94:F9:17:6C||Lisas-MBP-2||Lisas-iPhone||Living-Room||MatteospleWatch||Pixel-3a-XL||d4:5d:64:1c:28:e0||iRobot-A0CF4ECA53154FF4ACCEEE5F5D2CB17F||raspberrypi"
"2021-10-11T16:00:03.920807","4C:8B:30:CA:CE:A6||65TCLRokuTV||DC:E9:94:F9:17:6C||Lisas-MBP-2||Lisas-iPhone||Living-Room||MatteospleWatch||Pixel-3a-XL||d4:5d:64:1c:28:e0||iRobot-A0CF4ECA53154FF4ACCEEE5F5D2CB17F||raspberrypi"
"2021-10-11T16:05:05.031422","4C:8B:30:CA:CE:A6||65TCLRokuTV||DC:E9:94:F9:17:6C||Lisas-MBP-2||Lisas-iPhone||Living-Room||MatteospleWatch||Pixel-3a-XL||d4:5d:64:1c:28:e0||iRobot-A0CF4ECA53154FF4ACCEEE5F5D2CB17F||raspberrypi"
"2021-10-11T16:10:04.035606","4C:8B:30:CA:CE:A6||65TCLRokuTV||DC:E9:94:F9:17:6C||Lisas-MBP-2||Lisas-iPhone||Living-Room||MatteospleWatch||Pixel-3a-XL||d4:5d:64:1c:28:e0||iRobot-A0CF4ECA53154FF4ACCEEE5F5D2CB17F||raspberrypi"
"2021-10-11T16:15:03.961747","4C:8B:30:CA:CE:A6||65TCLRokuTV||DC:E9:94:F9:17:6C||Lisas-MBP-2||Lisas-iPhone||Living-Room||MatteospleWatch||Pixel-3a-XL||d4:5d:64:1c:28:e0||iRobot-A0CF4ECA53154FF4ACCEEE5F5D2CB17F||raspberrypi"
"2021-10-11T16:20:04.107665","4C:8B:30:CA:CE:A6||65TCLRokuTV||DC:E9:94:F9:17:6C||Lisas-MBP-2||Living-Room||MatteospleWatch||Pixel-3a-XL||d4:5d:64:1c:28:e0||iRobot-A0CF4ECA53154FF4ACCEEE5F5D2CB17F||raspberrypi"
"2021-10-11T16:25:04.112432","4C:8B:30:CA:CE:A6||65TCLRokuTV||DC:E9:94:F9:17:6C||Lisas-MBP-2||Living-Room||MatteospleWatch||Pixel-3a-XL||d4:5d:64:1c:28:e0||iRobot-A0CF4ECA53154FF4ACCEEE5F5D2CB17F||raspberrypi"
"2021-10-11T16:30:04.160497","4C:8B:30:CA:CE:A6||65TCLRokuTV||DC:E9:94:F9:17:6C||Lisas-MBP-2||Living-Room||MatteospleWatch||Pixel-3a-XL||d4:5d:64:1c:28:e0||iRobot-A0CF4ECA53154FF4ACCEEE5F5D2CB17F||raspberrypi"
"2021-10-11T16:35:04.261854","4C:8B:30:CA:CE:A6||65TCLRokuTV||DC:E9:94:F9:17:6C||Lisas-MBP-2||Living-Room||MatteospleWatch||Pixel-3a-XL||d4:5d:64:1c:28:e0||iRobot-A0CF4ECA53154FF4ACCEEE5F5D2CB17F||raspberrypi"
"2021-10-11T16:40:04.312910","4C:8B:30:CA:CE:A6||65TCLRokuTV||DC:E9:94:F9:17:6C||Lisas-MBP-2||Living-Room||MatteospleWatch||Pixel-3a-XL||d4:5d:64:1c:28:e0||iRobot-A0CF4ECA53154FF4ACCEEE5F5D2CB17F||raspberrypi"
"2021-10-11T16:45:04.266422","4C:8B:30:CA:CE:A6||65TCLRokuTV||DC:E9:94:F9:17:6C||Lisas-MBP-2||Living-Room||MatteospleWatch||Pixel-3a-XL||d4:5d:64:1c:28:e0||iRobot-A0CF4ECA53154FF4ACCEEE5F5D2CB17F||raspberrypi"
"2021-10-11T16:50:04.232430","4C:8B:30:CA:CE:A6||65TCLRokuTV||DC:E9:94:F9:17:6C||Lisas-MBP-2||Living-Room||MatteospleWatch||Pixel-3a-XL||d4:5d:64:1c:28:e0||iRobot-A0CF4ECA53154FF4ACCEEE5F5D2CB17F||raspberrypi"
"2021-10-11T16:55:04.238244","4C:8B:30:CA:CE:A6||65TCLRokuTV||DC:E9:94:F9:17:6C||Lisas-MBP-2||Lisas-iPhone||Living-Room||MatteospleWatch||Pixel-3a-XL||d4:5d:64:1c:28:e0||iRobot-A0CF4ECA53154FF4ACCEEE5F5D2CB17F||raspberrypi"
"2021-10-11T17:00:04.318426","4C:8B:30:CA:CE:A6||65TCLRokuTV||DC:E9:94:F9:17:6C||Lisas-MBP-2||Lisas-iPhone||Living-Room||Pixel-3a-XL||d4:5d:64:1c:28:e0||iRobot-A0CF4ECA53154FF4ACCEEE5F5D2CB17F||raspberrypi"
"2021-10-11T17:05:04.285993","4C:8B:30:CA:CE:A6||65TCLRokuTV||DC:E9:94:F9:17:6C||Lisas-MBP-2||Lisas-iPhone||Living-Room||Pixel-3a-XL||d4:5d:64:1c:28:e0||iRobot-A0CF4ECA53154FF4ACCEEE5F5D2CB17F||raspberrypi"
"2021-10-11T17:10:04.241798","4C:8B:30:CA:CE:A6||65TCLRokuTV||DC:E9:94:F9:17:6C||Lisas-MBP-2||Lisas-iPhone||Living-Room||Pixel-3a-XL||d4:5d:64:1c:28:e0||iRobot-A0CF4ECA53154FF4ACCEEE5F5D2CB17F||raspberrypi"
"2021-10-11T17:15:04.284505","4C:8B:30:CA:CE:A6||65TCLRokuTV||DC:E9:94:F9:17:6C||Lisas-MBP-2||Lisas-iPhone||Living-Room||Pixel-3a-XL||d4:5d:64:1c:28:e0||iRobot-A0CF4ECA53154FF4ACCEEE5F5D2CB17F||raspberrypi"
"2021-10-11T17:20:04.513781","4C:8B:30:CA:CE:A6||65TCLRokuTV||DC:E9:94:F9:17:6C||Lisas-iPhone||Living-Room||Pixel-3a-XL||d4:5d:64:1c:28:e0||iRobot-A0CF4ECA53154FF4ACCEEE5F5D2CB17F||raspberrypi"
"2021-10-11T17:25:04.732653","4C:8B:30:CA:CE:A6||65TCLRokuTV||DC:E9:94:F9:17:6C||Lisas-iPhone||Living-Room||Pixel-3a-XL||d4:5d:64:1c:28:e0||iRobot-A0CF4ECA53154FF4ACCEEE5F5D2CB17F||raspberrypi"
"2021-10-11T17:30:04.835020","4C:8B:30:CA:CE:A6||65TCLRokuTV||DC:E9:94:F9:17:6C||Lisas-iPhone||Living-Room||Pixel-3a-XL||d4:5d:64:1c:28:e0||iRobot-A0CF4ECA53154FF4ACCEEE5F5D2CB17F||raspberrypi"
"2021-10-11T17:35:04.994263","4C:8B:30:CA:CE:A6||65TCLRokuTV||DC:E9:94:F9:17:6C||Lisas-iPhone||Living-Room||Pixel-3a-XL||d4:5d:64:1c:28:e0||iRobot-A0CF4ECA53154FF4ACCEEE5F5D2CB17F||raspberrypi"
"2021-10-11T17:40:04.032805","4C:8B:30:CA:CE:A6||65TCLRokuTV||DC:E9:94:F9:17:6C||Living-Room||Pixel-3a-XL||d4:5d:64:1c:28:e0||iRobot-A0CF4ECA53154FF4ACCEEE5F5D2CB17F||raspberrypi"
"2021-10-11T17:45:04.142344","4C:8B:30:CA:CE:A6||65TCLRokuTV||DC:E9:94:F9:17:6C||Living-Room||Pixel-3a-XL||d4:5d:64:1c:28:e0||iRobot-A0CF4ECA53154FF4ACCEEE5F5D2CB17F||raspberrypi"
"2021-10-11T17:50:04.247559","4C:8B:30:CA:CE:A6||65TCLRokuTV||DC:E9:94:F9:17:6C||Lisas-iPhone||Living-Room||Pixel-3a-XL||d4:5d:64:1c:28:e0||iRobot-A0CF4ECA53154FF4ACCEEE5F5D2CB17F||raspberrypi"
"2021-10-11T17:55:04.347411","4C:8B:30:CA:CE:A6||65TCLRokuTV||DC:E9:94:F9:17:6C||Lisas-iPhone||Living-Room||Pixel-3a-XL||d4:5d:64:1c:28:e0||iRobot-A0CF4ECA53154FF4ACCEEE5F5D2CB17F||raspberrypi"
"2021-10-11T18:00:04.442420","4C:8B:30:CA:CE:A6||65TCLRokuTV||DC:E9:94:F9:17:6C||Living-Room||Pixel-3a-XL||d4:5d:64:1c:28:e0||iRobot-A0CF4ECA53154FF4ACCEEE5F5D2CB17F||raspberrypi"
"2021-10-11T18:05:04.557964","4C:8B:30:CA:CE:A6||65TCLRokuTV||DC:E9:94:F9:17:6C||Lisas-iPhone||Living-Room||Pixel-3a-XL||d4:5d:64:1c:28:e0||iRobot-A0CF4ECA53154FF4ACCEEE5F5D2CB17F||raspberrypi"
"2021-10-11T18:10:04.820608","4C:8B:30:CA:CE:A6||65TCLRokuTV||DC:E9:94:F9:17:6C||Lisas-iPhone||Living-Room||Pixel-3a-XL||d4:5d:64:1c:28:e0||iRobot-A0CF4ECA53154FF4ACCEEE5F5D2CB17F||raspberrypi"
"2021-10-11T18:15:04.923412","4C:8B:30:CA:CE:A6||65TCLRokuTV||DC:E9:94:F9:17:6C||Lisas-iPhone||Living-Room||Pixel-3a-XL||d4:5d:64:1c:28:e0||iRobot-A0CF4ECA53154FF4ACCEEE5F5D2CB17F||raspberrypi"
"2021-10-11T18:20:03.978615","4C:8B:30:CA:CE:A6||65TCLRokuTV||DC:E9:94:F9:17:6C||Lisas-iPhone||Living-Room||Pixel-3a-XL||d4:5d:64:1c:28:e0||iRobot-A0CF4ECA53154FF4ACCEEE5F5D2CB17F||raspberrypi"
"2021-10-11T18:25:04.066908","4C:8B:30:CA:CE:A6||65TCLRokuTV||DC:E9:94:F9:17:6C||Living-Room||Pixel-3a-XL||d4:5d:64:1c:28:e0||iRobot-A0CF4ECA53154FF4ACCEEE5F5D2CB17F||raspberrypi"
"2021-10-11T18:30:04.227392","1a:05:44:78:88:7b||4C:8B:30:CA:CE:A6||65TCLRokuTV||DC:E9:94:F9:17:6C||Lisas-iPhone||Living-Room||MatteospleWatch||Pixel-3a-XL||d4:5d:64:1c:28:e0||iRobot-A0CF4ECA53154FF4ACCEEE5F5D2CB17F||raspberrypi"
"2021-10-11T18:35:04.446721","1a:05:44:78:88:7b||4C:8B:30:CA:CE:A6||65TCLRokuTV||DC:E9:94:F9:17:6C||Living-Room||MatteosMBP2187||Pixel-3a-XL||d4:5d:64:1c:28:e0||iRobot-A0CF4ECA53154FF4ACCEEE5F5D2CB17F||raspberrypi"
"2021-10-11T18:40:04.601126","1a:05:44:78:88:7b||4C:8B:30:CA:CE:A6||65TCLRokuTV||DC:E9:94:F9:17:6C||Living-Room||MatteosMBP2187||Pixel-3a-XL||d4:5d:64:1c:28:e0||iRobot-A0CF4ECA53154FF4ACCEEE5F5D2CB17F||raspberrypi"
"2021-10-11T18:45:04.635215","1a:05:44:78:88:7b||4C:8B:30:CA:CE:A6||65TCLRokuTV||DC:E9:94:F9:17:6C||Lisas-MBP-2||Living-Room||MatteosMBP2187||Pixel-3a-XL||d4:5d:64:1c:28:e0||iRobot-A0CF4ECA53154FF4ACCEEE5F5D2CB17F||raspberrypi"
"2021-10-11T18:50:05.200221","1a:05:44:78:88:7b||4C:8B:30:CA:CE:A6||65TCLRokuTV||DC:E9:94:F9:17:6C||Lisas-MBP-2||Living-Room||MatteosMBP2187||Pixel-3a-XL||d4:5d:64:1c:28:e0||iRobot-A0CF4ECA53154FF4ACCEEE5F5D2CB17F||raspberrypi"
"2021-10-11T18:55:04.185003","1a:05:44:78:88:7b||4C:8B:30:CA:CE:A6||65TCLRokuTV||DC:E9:94:F9:17:6C||Living-Room||MatteosMBP2187||Pixel-3a-XL||d4:5d:64:1c:28:e0||iRobot-A0CF4ECA53154FF4ACCEEE5F5D2CB17F||raspberrypi"
"2021-10-11T19:00:04.170553","1a:05:44:78:88:7b||4C:8B:30:CA:CE:A6||65TCLRokuTV||DC:E9:94:F9:17:6C||Living-Room||MatteosMBP2187||Pixel-3a-XL||d4:5d:64:1c:28:e0||iRobot-A0CF4ECA53154FF4ACCEEE5F5D2CB17F||raspberrypi"
"2021-10-11T19:05:04.169285","1a:05:44:78:88:7b||4C:8B:30:CA:CE:A6||65TCLRokuTV||DC:E9:94:F9:17:6C||Living-Room||MatteosMBP2187||Pixel-3a-XL||d4:5d:64:1c:28:e0||iRobot-A0CF4ECA53154FF4ACCEEE5F5D2CB17F||raspberrypi"
"2021-10-11T19:10:04.238641","1a:05:44:78:88:7b||4C:8B:30:CA:CE:A6||65TCLRokuTV||DC:E9:94:F9:17:6C||Living-Room||MatteosMBP2187||Pixel-3a-XL||d4:5d:64:1c:28:e0||iRobot-A0CF4ECA53154FF4ACCEEE5F5D2CB17F||raspberrypi"
"2021-10-11T19:15:04.347484","1a:05:44:78:88:7b||4C:8B:30:CA:CE:A6||65TCLRokuTV||DC:E9:94:F9:17:6C||Lisas-MBP-2||Living-Room||MatteosMBP2187||Pixel-3a-XL||d4:5d:64:1c:28:e0||iRobot-A0CF4ECA53154FF4ACCEEE5F5D2CB17F||raspberrypi"
"2021-10-11T19:20:04.517297","1a:05:44:78:88:7b||4C:8B:30:CA:CE:A6||65TCLRokuTV||DC:E9:94:F9:17:6C||Lisas-MBP-2||Living-Room||MatteosMBP2187||Pixel-3a-XL||d4:5d:64:1c:28:e0||iRobot-A0CF4ECA53154FF4ACCEEE5F5D2CB17F||raspberrypi"
"2021-10-11T19:25:04.635968","1a:05:44:78:88:7b||4C:8B:30:CA:CE:A6||65TCLRokuTV||DC:E9:94:F9:17:6C||Lisas-MBP-2||Living-Room||MatteosMBP2187||Pixel-3a-XL||d4:5d:64:1c:28:e0||iRobot-A0CF4ECA53154FF4ACCEEE5F5D2CB17F||raspberrypi"
"2021-10-11T19:30:04.635912","1a:05:44:78:88:7b||4C:8B:30:CA:CE:A6||65TCLRokuTV||DC:E9:94:F9:17:6C||Lisas-MBP-2||Living-Room||MatteosMBP2187||Pixel-3a-XL||d4:5d:64:1c:28:e0||iRobot-A0CF4ECA53154FF4ACCEEE5F5D2CB17F||raspberrypi"
"2021-10-11T19:35:04.801825","1a:05:44:78:88:7b||4C:8B:30:CA:CE:A6||65TCLRokuTV||DC:E9:94:F9:17:6C||Lisas-MBP-2||Living-Room||MatteosMBP2187||Pixel-3a-XL||d4:5d:64:1c:28:e0||iRobot-A0CF4ECA53154FF4ACCEEE5F5D2CB17F||raspberrypi"
"2021-10-11T19:40:04.995477","1a:05:44:78:88:7b||4C:8B:30:CA:CE:A6||65TCLRokuTV||DC:E9:94:F9:17:6C||Lisas-MBP-2||Living-Room||MatteosMBP2187||Pixel-3a-XL||d4:5d:64:1c:28:e0||iRobot-A0CF4ECA53154FF4ACCEEE5F5D2CB17F||raspberrypi"
"2021-10-11T19:45:04.063386","1a:05:44:78:88:7b||4C:8B:30:CA:CE:A6||65TCLRokuTV||DC:E9:94:F9:17:6C||Lisas-MBP-2||Living-Room||MatteosMBP2187||Pixel-3a-XL||d4:5d:64:1c:28:e0||iRobot-A0CF4ECA53154FF4ACCEEE5F5D2CB17F||raspberrypi"
"2021-10-11T19:50:04.261668","1a:05:44:78:88:7b||4C:8B:30:CA:CE:A6||65TCLRokuTV||DC:E9:94:F9:17:6C||Lisas-MBP-2||Living-Room||MatteosMBP2187||Pixel-3a-XL||d4:5d:64:1c:28:e0||iRobot-A0CF4ECA53154FF4ACCEEE5F5D2CB17F||raspberrypi"
"2021-10-11T19:55:04.365796","1a:05:44:78:88:7b||4C:8B:30:CA:CE:A6||65TCLRokuTV||DC:E9:94:F9:17:6C||Lisas-MBP-2||Living-Room||MatteosMBP2187||Pixel-3a-XL||d4:5d:64:1c:28:e0||iRobot-A0CF4ECA53154FF4ACCEEE5F5D2CB17F||raspberrypi"
"2021-10-11T20:00:04.497070","1a:05:44:78:88:7b||4C:8B:30:CA:CE:A6||65TCLRokuTV||DC:E9:94:F9:17:6C||Lisas-MBP-2||Living-Room||MatteosMBP2187||Pixel-3a-XL||d4:5d:64:1c:28:e0||iRobot-A0CF4ECA53154FF4ACCEEE5F5D2CB17F||raspberrypi"
"2021-10-11T20:05:04.634909","1a:05:44:78:88:7b||4C:8B:30:CA:CE:A6||65TCLRokuTV||DC:E9:94:F9:17:6C||Lisas-MBP-2||Lisas-iPhone||Living-Room||MatteosMBP2187||MatteospleWatch||Pixel-3a-XL||d4:5d:64:1c:28:e0||iRobot-A0CF4ECA53154FF4ACCEEE5F5D2CB17F||raspberrypi"
"2021-10-11T20:10:04.764957","1a:05:44:78:88:7b||4C:8B:30:CA:CE:A6||65TCLRokuTV||DC:E9:94:F9:17:6C||Lisas-MBP-2||Lisas-iPhone||Living-Room||MatteosMBP2187||MatteospleWatch||Pixel-3a-XL||d4:5d:64:1c:28:e0||iRobot-A0CF4ECA53154FF4ACCEEE5F5D2CB17F||raspberrypi"
"2021-10-11T20:15:04.898023","1a:05:44:78:88:7b||4C:8B:30:CA:CE:A6||65TCLRokuTV||DC:E9:94:F9:17:6C||Lisas-MBP-2||Lisas-iPhone||Living-Room||MatteosMBP2187||MatteospleWatch||Pixel-3a-XL||d4:5d:64:1c:28:e0||iRobot-A0CF4ECA53154FF4ACCEEE5F5D2CB17F||raspberrypi"
"2021-10-11T20:20:03.984397","1a:05:44:78:88:7b||4C:8B:30:CA:CE:A6||65TCLRokuTV||DC:E9:94:F9:17:6C||Lisas-MBP-2||Lisas-iPhone||Living-Room||MatteosMBP2187||MatteospleWatch||Pixel-3a-XL||d4:5d:64:1c:28:e0||iRobot-A0CF4ECA53154FF4ACCEEE5F5D2CB17F||raspberrypi"
"2021-10-11T20:25:04.079131","1a:05:44:78:88:7b||4C:8B:30:CA:CE:A6||65TCLRokuTV||DC:E9:94:F9:17:6C||Lisas-MBP-2||Lisas-iPhone||Living-Room||MatteosMBP2187||MatteospleWatch||d4:5d:64:1c:28:e0||iRobot-A0CF4ECA53154FF4ACCEEE5F5D2CB17F||raspberrypi"
"2021-10-11T20:30:04.258114","1a:05:44:78:88:7b||4C:8B:30:CA:CE:A6||65TCLRokuTV||DC:E9:94:F9:17:6C||Lisas-MBP-2||Lisas-iPhone||Living-Room||MatteosMBP2187||MatteospleWatch||d4:5d:64:1c:28:e0||iRobot-A0CF4ECA53154FF4ACCEEE5F5D2CB17F||raspberrypi"
"2021-10-11T20:35:04.443693","1a:05:44:78:88:7b||4C:8B:30:CA:CE:A6||65TCLRokuTV||DC:E9:94:F9:17:6C||Lisas-MBP-2||Lisas-iPhone||Living-Room||MatteosMBP2187||MatteospleWatch||d4:5d:64:1c:28:e0||iRobot-A0CF4ECA53154FF4ACCEEE5F5D2CB17F||raspberrypi"
"2021-10-11T20:40:04.514753","1a:05:44:78:88:7b||4C:8B:30:CA:CE:A6||65TCLRokuTV||DC:E9:94:F9:17:6C||Lisas-MBP-2||Living-Room||MatteosMBP2187||MatteospleWatch||d4:5d:64:1c:28:e0||iRobot-A0CF4ECA53154FF4ACCEEE5F5D2CB17F||raspberrypi"
"2021-10-11T20:45:04.597170","1a:05:44:78:88:7b||4C:8B:30:CA:CE:A6||65TCLRokuTV||DC:E9:94:F9:17:6C||Lisas-MBP-2||Living-Room||MatteosMBP2187||MatteospleWatch||d4:5d:64:1c:28:e0||iRobot-A0CF4ECA53154FF4ACCEEE5F5D2CB17F||raspberrypi"
"2021-10-11T20:50:04.708046","1a:05:44:78:88:7b||4C:8B:30:CA:CE:A6||65TCLRokuTV||DC:E9:94:F9:17:6C||Lisas-MBP-2||Living-Room||MatteosMBP2187||MatteospleWatch||d4:5d:64:1c:28:e0||iRobot-A0CF4ECA53154FF4ACCEEE5F5D2CB17F||raspberrypi"
"2021-10-11T20:55:04.852902","1a:05:44:78:88:7b||4C:8B:30:CA:CE:A6||65TCLRokuTV||DC:E9:94:F9:17:6C||Lisas-MBP-2||Living-Room||MatteosMBP2187||MatteospleWatch||d4:5d:64:1c:28:e0||iRobot-A0CF4ECA53154FF4ACCEEE5F5D2CB17F||raspberrypi"
"2021-10-11T21:00:04.998086","1a:05:44:78:88:7b||4C:8B:30:CA:CE:A6||65TCLRokuTV||DC:E9:94:F9:17:6C||Lisas-MBP-2||Lisas-iPhone||Living-Room||MatteosMBP2187||MatteospleWatch||d4:5d:64:1c:28:e0||iRobot-A0CF4ECA53154FF4ACCEEE5F5D2CB17F||raspberrypi"
"2021-10-11T21:05:04.095792","1a:05:44:78:88:7b||4C:8B:30:CA:CE:A6||65TCLRokuTV||DC:E9:94:F9:17:6C||Lisas-MBP-2||Lisas-iPhone||Living-Room||MatteosMBP2187||MatteospleWatch||d4:5d:64:1c:28:e0||iRobot-A0CF4ECA53154FF4ACCEEE5F5D2CB17F||raspberrypi"
"2021-10-11T21:10:04.243670","1a:05:44:78:88:7b||4C:8B:30:CA:CE:A6||65TCLRokuTV||DC:E9:94:F9:17:6C||Lisas-MBP-2||Lisas-iPhone||Living-Room||MatteosMBP2187||MatteospleWatch||d4:5d:64:1c:28:e0||iRobot-A0CF4ECA53154FF4ACCEEE5F5D2CB17F||raspberrypi"
"2021-10-11T21:15:04.514233","1a:05:44:78:88:7b||4C:8B:30:CA:CE:A6||65TCLRokuTV||DC:E9:94:F9:17:6C||Lisas-MBP-2||Lisas-iPhone||Living-Room||MatteosMBP2187||MatteospleWatch||d4:5d:64:1c:28:e0||iRobot-A0CF4ECA53154FF4ACCEEE5F5D2CB17F||raspberrypi"
"2021-10-11T21:20:04.528715","1a:05:44:78:88:7b||4C:8B:30:CA:CE:A6||65TCLRokuTV||DC:E9:94:F9:17:6C||Lisas-MBP-2||Lisas-iPhone||Living-Room||MatteosMBP2187||MatteospleWatch||d4:5d:64:1c:28:e0||iRobot-A0CF4ECA53154FF4ACCEEE5F5D2CB17F||raspberrypi"
"2021-10-11T21:25:04.652548","1a:05:44:78:88:7b||4C:8B:30:CA:CE:A6||65TCLRokuTV||DC:E9:94:F9:17:6C||Lisas-MBP-2||Lisas-iPhone||Living-Room||MatteosMBP2187||MatteospleWatch||d4:5d:64:1c:28:e0||iRobot-A0CF4ECA53154FF4ACCEEE5F5D2CB17F||raspberrypi"
"2021-10-11T21:30:04.755495","1a:05:44:78:88:7b||4C:8B:30:CA:CE:A6||65TCLRokuTV||DC:E9:94:F9:17:6C||Lisas-MBP-2||Lisas-iPhone||Living-Room||MatteosMBP2187||MatteospleWatch||Pixel-3a-XL||d4:5d:64:1c:28:e0||iRobot-A0CF4ECA53154FF4ACCEEE5F5D2CB17F||raspberrypi"
"2021-10-11T21:35:04.901713","1a:05:44:78:88:7b||4C:8B:30:CA:CE:A6||65TCLRokuTV||DC:E9:94:F9:17:6C||Lisas-MBP-2||Lisas-iPhone||Living-Room||MatteosMBP2187||MatteospleWatch||d4:5d:64:1c:28:e0||iRobot-A0CF4ECA53154FF4ACCEEE5F5D2CB17F||raspberrypi"
"2021-10-11T21:40:05.031821","1a:05:44:78:88:7b||4C:8B:30:CA:CE:A6||65TCLRokuTV||DC:E9:94:F9:17:6C||Lisas-MBP-2||Lisas-iPhone||Living-Room||MatteosMBP2187||MatteospleWatch||d4:5d:64:1c:28:e0||iRobot-A0CF4ECA53154FF4ACCEEE5F5D2CB17F||raspberrypi"
"2021-10-11T21:45:04.366847","1a:05:44:78:88:7b||4C:8B:30:CA:CE:A6||65TCLRokuTV||DC:E9:94:F9:17:6C||Lisas-MBP-2||Lisas-iPhone||Living-Room||MatteosMBP2187||MatteospleWatch||d4:5d:64:1c:28:e0||iRobot-A0CF4ECA53154FF4ACCEEE5F5D2CB17F||raspberrypi"
"2021-10-11T21:50:04.369820","1a:05:44:78:88:7b||4C:8B:30:CA:CE:A6||65TCLRokuTV||DC:E9:94:F9:17:6C||Lisas-MBP-2||Lisas-iPhone||Living-Room||MatteosMBP2187||MatteospleWatch||d4:5d:64:1c:28:e0||iRobot-A0CF4ECA53154FF4ACCEEE5F5D2CB17F||raspberrypi"
"2021-10-11T21:55:04.460642","1a:05:44:78:88:7b||4C:8B:30:CA:CE:A6||65TCLRokuTV||DC:E9:94:F9:17:6C||Lisas-MBP-2||Lisas-iPhone||Living-Room||MatteosMBP2187||MatteospleWatch||d4:5d:64:1c:28:e0||iRobot-A0CF4ECA53154FF4ACCEEE5F5D2CB17F||raspberrypi"
"2021-10-11T22:00:04.563905","4C:8B:30:CA:CE:A6||65TCLRokuTV||DC:E9:94:F9:17:6C||Lisas-MBP-2||Lisas-iPhone||Living-Room||MatteosMBP2187||MatteospleWatch||d4:5d:64:1c:28:e0||iRobot-A0CF4ECA53154FF4ACCEEE5F5D2CB17F||raspberrypi"
"2021-10-11T22:05:04.662824","4C:8B:30:CA:CE:A6||65TCLRokuTV||DC:E9:94:F9:17:6C||Lisas-MBP-2||Lisas-iPhone||Living-Room||MatteosMBP2187||d4:5d:64:1c:28:e0||iRobot-A0CF4ECA53154FF4ACCEEE5F5D2CB17F||raspberrypi"
"2021-10-11T22:10:04.719491","4C:8B:30:CA:CE:A6||65TCLRokuTV||DC:E9:94:F9:17:6C||Lisas-MBP-2||Lisas-iPhone||Living-Room||MatteosMBP2187||d4:5d:64:1c:28:e0||iRobot-A0CF4ECA53154FF4ACCEEE5F5D2CB17F||raspberrypi"
"2021-10-11T22:15:04.899520","4C:8B:30:CA:CE:A6||65TCLRokuTV||DC:E9:94:F9:17:6C||Lisas-MBP-2||Lisas-iPhone||Living-Room||MatteosMBP2187||d4:5d:64:1c:28:e0||iRobot-A0CF4ECA53154FF4ACCEEE5F5D2CB17F||raspberrypi"
"2021-10-11T22:20:04.011790","4C:8B:30:CA:CE:A6||65TCLRokuTV||DC:E9:94:F9:17:6C||Lisas-MBP-2||Lisas-iPhone||Living-Room||MatteosMBP2187||d4:5d:64:1c:28:e0||iRobot-A0CF4ECA53154FF4ACCEEE5F5D2CB17F||raspberrypi"
"2021-10-11T22:25:04.138570","4C:8B:30:CA:CE:A6||65TCLRokuTV||DC:E9:94:F9:17:6C||Lisas-MBP-2||Lisas-iPhone||Living-Room||MatteosMBP2187||d4:5d:64:1c:28:e0||iRobot-A0CF4ECA53154FF4ACCEEE5F5D2CB17F||raspberrypi"
"2021-10-11T22:30:04.240442","4C:8B:30:CA:CE:A6||65TCLRokuTV||DC:E9:94:F9:17:6C||Lisas-MBP-2||Lisas-iPhone||Living-Room||MatteosMBP2187||d4:5d:64:1c:28:e0||iRobot-A0CF4ECA53154FF4ACCEEE5F5D2CB17F||raspberrypi"
"2021-10-11T22:35:01.891212","4C:8B:30:CA:CE:A6||65TCLRokuTV||DC:E9:94:F9:17:6C||Lisas-MBP-2||Lisas-iPhone||Living-Room||MatteosMBP2187||d4:5d:64:1c:28:e0||iRobot-A0CF4ECA53154FF4ACCEEE5F5D2CB17F||raspberrypi"
"2021-10-11T22:37:00.198142","4C:8B:30:CA:CE:A6||65TCLRokuTV||DC:E9:94:F9:17:6C||Lisas-MBP-2||Lisas-iPhone||Living-Room||MatteosMBP2187||d4:5d:64:1c:28:e0||iRobot-A0CF4ECA53154FF4ACCEEE5F5D2CB17F||raspberrypi"
"2021-10-11T22:39:29.116154","4C:8B:30:CA:CE:A6||65TCLRokuTV||DC:E9:94:F9:17:6C||Lisas-MBP-2||Lisas-iPhone||Living-Room||MatteosMBP2187||d4:5d:64:1c:28:e0||iRobot-A0CF4ECA53154FF4ACCEEE5F5D2CB17F||raspberrypi"
"2021-10-11T22:40:02.428930","4C:8B:30:CA:CE:A6||65TCLRokuTV||DC:E9:94:F9:17:6C||Lisas-MBP-2||Lisas-iPhone||Living-Room||MatteosMBP2187||d4:5d:64:1c:28:e0||iRobot-A0CF4ECA53154FF4ACCEEE5F5D2CB17F||raspberrypi"
"2021-10-11T22:40:14.265664","4C:8B:30:CA:CE:A6||65TCLRokuTV||DC:E9:94:F9:17:6C||Lisas-MBP-2||Lisas-iPhone||Living-Room||MatteosMBP2187||d4:5d:64:1c:28:e0||iRobot-A0CF4ECA53154FF4ACCEEE5F5D2CB17F||raspberrypi"
